{
	"credit": "Made with Blockbench",
	"texture_size": [32, 32],
	"textures": {
		"0": "block/EnderSword",
		"particle": "block/EnderSword"
	},
	"elements": [
		{
			"from": [7.5, 1.4, 7],
			"to": [8, 7.4, 8],
			"rotation": {"angle": 0, "axis": "y", "origin": [8, 4.4, 8]},
			"faces": {
				"north": {"uv": [3.5, 5, 3.75, 8], "texture": "#0"},
				"east": {"uv": [4, 0, 4.5, 3], "texture": "#0"},
				"south": {"uv": [5, 4, 5.25, 7], "texture": "#0"},
				"west": {"uv": [4, 3, 4.5, 6], "texture": "#0"},
				"up": {"uv": [13.25, 3.5, 13, 3], "texture": "#0"},
				"down": {"uv": [3.75, 13, 3.5, 13.5], "texture": "#0"}
			}
		},
		{
			"from": [7.2, 0.4, 6.8],
			"to": [8.4, 1.4, 8.2],
			"rotation": {"angle": 0, "axis": "y", "origin": [8, 4.4, 8]},
			"faces": {
				"north": {"uv": [11, 9.5, 11.5, 10], "texture": "#0"},
				"east": {"uv": [0.5, 10, 1.25, 10.5], "texture": "#0"},
				"south": {"uv": [3.5, 11.5, 4, 12], "texture": "#0"},
				"west": {"uv": [10, 1, 10.75, 1.5], "texture": "#0"},
				"up": {"uv": [2, 10.75, 1.5, 10], "texture": "#0"},
				"down": {"uv": [10.5, 1.5, 10, 2.25], "texture": "#0"}
			}
		},
		{
			"from": [7.2, 6.4, 6.8],
			"to": [8.3, 7.7, 8.2],
			"rotation": {"angle": 0, "axis": "y", "origin": [8, 4.4, 8]},
			"faces": {
				"north": {"uv": [2, 10, 2.5, 10.75], "texture": "#0"},
				"east": {"uv": [2.5, 8.5, 3.25, 9.25], "texture": "#0"},
				"south": {"uv": [10, 2.5, 10.5, 3.25], "texture": "#0"},
				"west": {"uv": [8.5, 3, 9.25, 3.75], "texture": "#0"},
				"up": {"uv": [10.5, 4.25, 10, 3.5], "texture": "#0"},
				"down": {"uv": [4.5, 10, 4, 10.75], "texture": "#0"}
			}
		},
		{
			"from": [7.3, 2.4, 6.9],
			"to": [8.3, 3.4, 8.1],
			"rotation": {"angle": 0, "axis": "y", "origin": [8, 4.4, 8]},
			"faces": {
				"north": {"uv": [4.5, 11.5, 5, 12], "texture": "#0"},
				"east": {"uv": [11.5, 4.5, 12, 5], "texture": "#0"},
				"south": {"uv": [5, 11.5, 5.5, 12], "texture": "#0"},
				"west": {"uv": [11.5, 5, 12, 5.5], "texture": "#0"},
				"up": {"uv": [6, 12, 5.5, 11.5], "texture": "#0"},
				"down": {"uv": [12, 5.5, 11.5, 6], "texture": "#0"}
			}
		},
		{
			"from": [7, 4.3, 6.7],
			"to": [8.6, 5.9, 8.3],
			"rotation": {"angle": 0, "axis": "y", "origin": [8, 4.4, 8]},
			"faces": {
				"north": {"uv": [8.5, 4, 9.25, 4.75], "texture": "#0"},
				"east": {"uv": [8.5, 5, 9.25, 5.75], "texture": "#0"},
				"south": {"uv": [8.5, 6, 9.25, 6.75], "texture": "#0"},
				"west": {"uv": [8.5, 7, 9.25, 7.75], "texture": "#0"},
				"up": {"uv": [9.25, 8.75, 8.5, 8], "texture": "#0"},
				"down": {"uv": [9.75, 0, 9, 0.75], "texture": "#0"}
			}
		},
		{
			"from": [7.5, 5, 8.5],
			"to": [8.1, 5.6, 11.5],
			"rotation": {"angle": -45, "axis": "x", "origin": [8, 4.4, 8]},
			"faces": {
				"north": {"uv": [13, 8.5, 13.25, 8.75], "texture": "#0"},
				"east": {"uv": [10, 4.5, 11.5, 4.75], "texture": "#0"},
				"south": {"uv": [9, 13, 9.25, 13.25], "texture": "#0"},
				"west": {"uv": [10, 5, 11.5, 5.25], "texture": "#0"},
				"up": {"uv": [4.75, 11.5, 4.5, 10], "texture": "#0"},
				"down": {"uv": [5.75, 10, 5.5, 11.5], "texture": "#0"}
			}
		},
		{
			"from": [7.5, 7.5, 8.2],
			"to": [8.1, 8.1, 10.7],
			"rotation": {"angle": 22.5, "axis": "x", "origin": [8, 4.4, 8]},
			"faces": {
				"north": {"uv": [13, 9, 13.25, 9.25], "texture": "#0"},
				"east": {"uv": [10, 10.5, 11.25, 10.75], "texture": "#0"},
				"south": {"uv": [9.5, 13, 9.75, 13.25], "texture": "#0"},
				"west": {"uv": [10.5, 10, 11.75, 10.25], "texture": "#0"},
				"up": {"uv": [0.25, 12.25, 0, 11], "texture": "#0"},
				"down": {"uv": [11.25, 0, 11, 1.25], "texture": "#0"}
			}
		},
		{
			"from": [7.6, 4, 10.5],
			"to": [8, 6.3, 10.9],
			"rotation": {"angle": -22.5, "axis": "x", "origin": [8, 4.4, 8]},
			"faces": {
				"north": {"uv": [1.5, 11, 1.75, 12.25], "texture": "#0"},
				"east": {"uv": [11, 1.5, 11.25, 2.75], "texture": "#0"},
				"south": {"uv": [2, 11, 2.25, 12.25], "texture": "#0"},
				"west": {"uv": [11, 3, 11.25, 4.25], "texture": "#0"},
				"up": {"uv": [13.25, 9.75, 13, 9.5], "texture": "#0"},
				"down": {"uv": [10.25, 13, 10, 13.25], "texture": "#0"}
			}
		},
		{
			"from": [7.6, 3.5, 10.4],
			"to": [8, 5.2, 10.8],
			"rotation": {"angle": 0, "axis": "x", "origin": [8, 4.4, 8]},
			"faces": {
				"north": {"uv": [12.5, 10.5, 12.75, 11.25], "texture": "#0"},
				"east": {"uv": [11, 12.5, 11.25, 13.25], "texture": "#0"},
				"south": {"uv": [11.5, 12.5, 11.75, 13.25], "texture": "#0"},
				"west": {"uv": [12.5, 11.5, 12.75, 12.25], "texture": "#0"},
				"up": {"uv": [13.25, 10.25, 13, 10], "texture": "#0"},
				"down": {"uv": [10.75, 13, 10.5, 13.25], "texture": "#0"}
			}
		},
		{
			"from": [7.6, 4, 4.1],
			"to": [8, 6.3, 4.5],
			"rotation": {"angle": 22.5, "axis": "x", "origin": [8, 4.4, 7]},
			"faces": {
				"north": {"uv": [4, 11, 4.25, 12.25], "texture": "#0"},
				"east": {"uv": [11, 6, 11.25, 7.25], "texture": "#0"},
				"south": {"uv": [11, 7.5, 11.25, 8.75], "texture": "#0"},
				"west": {"uv": [8, 11, 8.25, 12.25], "texture": "#0"},
				"up": {"uv": [13.25, 10.75, 13, 10.5], "texture": "#0"},
				"down": {"uv": [13.25, 11, 13, 11.25], "texture": "#0"}
			}
		},
		{
			"from": [7.6, 3.5, 4.2],
			"to": [8, 5.2, 4.6],
			"rotation": {"angle": 0, "axis": "x", "origin": [8, 4.4, 7]},
			"faces": {
				"north": {"uv": [12, 12.5, 12.25, 13.25], "texture": "#0"},
				"east": {"uv": [12.5, 12.5, 12.75, 13.25], "texture": "#0"},
				"south": {"uv": [0, 13, 0.25, 13.75], "texture": "#0"},
				"west": {"uv": [13, 0, 13.25, 0.75], "texture": "#0"},
				"up": {"uv": [13.25, 11.75, 13, 11.5], "texture": "#0"},
				"down": {"uv": [13.25, 12, 13, 12.25], "texture": "#0"}
			}
		},
		{
			"from": [7.6, 4.1, 8.9],
			"to": [8, 5.3, 9.3],
			"rotation": {"angle": 0, "axis": "x", "origin": [8, 3.7, 6.8]},
			"faces": {
				"north": {"uv": [13, 3.5, 13.25, 4], "texture": "#0"},
				"east": {"uv": [4, 13, 4.25, 13.5], "texture": "#0"},
				"south": {"uv": [13, 4, 13.25, 4.5], "texture": "#0"},
				"west": {"uv": [4.5, 13, 4.75, 13.5], "texture": "#0"},
				"up": {"uv": [13.25, 12.75, 13, 12.5], "texture": "#0"},
				"down": {"uv": [13.25, 13, 13, 13.25], "texture": "#0"}
			}
		},
		{
			"from": [7.8, 2.5, 8.2],
			"to": [7.8, 6.9, 12.2],
			"rotation": {"angle": 0, "axis": "x", "origin": [8, 3.7, 6.8]},
			"faces": {
				"north": {"uv": [0, 0, 0, 2.25], "texture": "#0"},
				"east": {"uv": [0, 0, 2, 2.25], "texture": "#0"},
				"south": {"uv": [0, 0, 0, 2.25], "texture": "#0"},
				"west": {"uv": [2, 0, 4, 2.25], "texture": "#0"},
				"up": {"uv": [0, 2, 0, 0], "texture": "#0"},
				"down": {"uv": [0, 0, 0, 2], "texture": "#0"}
			}
		},
		{
			"from": [7.8, 2.5, 2.8],
			"to": [7.8, 6.9, 6.8],
			"rotation": {"angle": 0, "axis": "x", "origin": [8, 3.7, 6.8]},
			"faces": {
				"north": {"uv": [0, 0, 0, 2.25], "texture": "#0"},
				"east": {"uv": [0, 2.5, 2, 4.75], "texture": "#0"},
				"south": {"uv": [0, 0, 0, 2.25], "texture": "#0"},
				"west": {"uv": [2, 2.5, 4, 4.75], "texture": "#0"},
				"up": {"uv": [0, 2, 0, 0], "texture": "#0"},
				"down": {"uv": [0, 0, 0, 2], "texture": "#0"}
			}
		},
		{
			"from": [7.6, 4.2, 9.3],
			"to": [8, 5.6, 9.7],
			"rotation": {"angle": -22.5, "axis": "x", "origin": [8, 3.7, 6.8]},
			"faces": {
				"north": {"uv": [0.5, 13, 0.75, 13.75], "texture": "#0"},
				"east": {"uv": [1, 13, 1.25, 13.75], "texture": "#0"},
				"south": {"uv": [13, 1, 13.25, 1.75], "texture": "#0"},
				"west": {"uv": [1.5, 13, 1.75, 13.75], "texture": "#0"},
				"up": {"uv": [13.75, 0.25, 13.5, 0], "texture": "#0"},
				"down": {"uv": [13.75, 0.5, 13.5, 0.75], "texture": "#0"}
			}
		},
		{
			"from": [7.6, 4.2, 5.3],
			"to": [8, 5.6, 5.7],
			"rotation": {"angle": 22.5, "axis": "x", "origin": [8, 3.7, 8.2]},
			"faces": {
				"north": {"uv": [2, 13, 2.25, 13.75], "texture": "#0"},
				"east": {"uv": [13, 2, 13.25, 2.75], "texture": "#0"},
				"south": {"uv": [2.5, 13, 2.75, 13.75], "texture": "#0"},
				"west": {"uv": [3, 13, 3.25, 13.75], "texture": "#0"},
				"up": {"uv": [13.75, 1.25, 13.5, 1], "texture": "#0"},
				"down": {"uv": [13.75, 1.5, 13.5, 1.75], "texture": "#0"}
			}
		},
		{
			"from": [7.6, 4.1, 5.7],
			"to": [8, 5.3, 6.1],
			"rotation": {"angle": 0, "axis": "x", "origin": [8, 3.7, 8.2]},
			"faces": {
				"north": {"uv": [13, 4.5, 13.25, 5], "texture": "#0"},
				"east": {"uv": [5, 13, 5.25, 13.5], "texture": "#0"},
				"south": {"uv": [13, 5, 13.25, 5.5], "texture": "#0"},
				"west": {"uv": [5.5, 13, 5.75, 13.5], "texture": "#0"},
				"up": {"uv": [13.75, 2.25, 13.5, 2], "texture": "#0"},
				"down": {"uv": [13.75, 2.5, 13.5, 2.75], "texture": "#0"}
			}
		},
		{
			"from": [7.5, 7.9, 4.4],
			"to": [8.1, 8.5, 6.9],
			"rotation": {"angle": -22.5, "axis": "x", "origin": [8, 4.4, 8]},
			"faces": {
				"north": {"uv": [13.5, 3, 13.75, 3.25], "texture": "#0"},
				"east": {"uv": [8.5, 11, 9.75, 11.25], "texture": "#0"},
				"south": {"uv": [3.5, 13.5, 3.75, 13.75], "texture": "#0"},
				"west": {"uv": [11, 9, 12.25, 9.25], "texture": "#0"},
				"up": {"uv": [10.25, 12.25, 10, 11], "texture": "#0"},
				"down": {"uv": [10.75, 11, 10.5, 12.25], "texture": "#0"}
			}
		},
		{
			"from": [7.5, 2.3, 2.6],
			"to": [8.1, 4.8, 3.2],
			"rotation": {"angle": 22.5, "axis": "x", "origin": [8, 4.4, 8]},
			"faces": {
				"north": {"uv": [11, 11, 11.25, 12.25], "texture": "#0"},
				"east": {"uv": [11.5, 0, 11.75, 1.25], "texture": "#0"},
				"south": {"uv": [0.5, 11.5, 0.75, 12.75], "texture": "#0"},
				"west": {"uv": [1, 11.5, 1.25, 12.75], "texture": "#0"},
				"up": {"uv": [13.75, 3.75, 13.5, 3.5], "texture": "#0"},
				"down": {"uv": [4.25, 13.5, 4, 13.75], "texture": "#0"}
			}
		},
		{
			"from": [7.5, 2.6, 11.9],
			"to": [8.1, 5.1, 12.5],
			"rotation": {"angle": -22.5, "axis": "x", "origin": [8, 4.4, 8]},
			"faces": {
				"north": {"uv": [11.5, 1.5, 11.75, 2.75], "texture": "#0"},
				"east": {"uv": [2.5, 11.5, 2.75, 12.75], "texture": "#0"},
				"south": {"uv": [3, 11.5, 3.25, 12.75], "texture": "#0"},
				"west": {"uv": [11.5, 3, 11.75, 4.25], "texture": "#0"},
				"up": {"uv": [13.75, 4.25, 13.5, 4], "texture": "#0"},
				"down": {"uv": [4.75, 13.5, 4.5, 13.75], "texture": "#0"}
			}
		},
		{
			"from": [7.5, 2.5, 12.2],
			"to": [8.1, 4.5, 12.8],
			"rotation": {"angle": 0, "axis": "x", "origin": [8, 4.4, 8]},
			"faces": {
				"north": {"uv": [6, 11.5, 6.25, 12.5], "texture": "#0"},
				"east": {"uv": [11.5, 6, 11.75, 7], "texture": "#0"},
				"south": {"uv": [6.5, 11.5, 6.75, 12.5], "texture": "#0"},
				"west": {"uv": [7, 11.5, 7.25, 12.5], "texture": "#0"},
				"up": {"uv": [13.75, 4.75, 13.5, 4.5], "texture": "#0"},
				"down": {"uv": [5.25, 13.5, 5, 13.75], "texture": "#0"}
			}
		},
		{
			"from": [7.5, 2.5, 2.2],
			"to": [8.1, 4.5, 2.8],
			"rotation": {"angle": 0, "axis": "x", "origin": [8, 4.4, 8]},
			"faces": {
				"north": {"uv": [11.5, 7, 11.75, 8], "texture": "#0"},
				"east": {"uv": [7.5, 11.5, 7.75, 12.5], "texture": "#0"},
				"south": {"uv": [11.5, 8, 11.75, 9], "texture": "#0"},
				"west": {"uv": [8.5, 11.5, 8.75, 12.5], "texture": "#0"},
				"up": {"uv": [13.75, 5.25, 13.5, 5], "texture": "#0"},
				"down": {"uv": [5.75, 13.5, 5.5, 13.75], "texture": "#0"}
			}
		},
		{
			"from": [7.5, 4.3, 3.8],
			"to": [8.1, 4.9, 6.8],
			"rotation": {"angle": 45, "axis": "x", "origin": [8, 4.4, 8]},
			"faces": {
				"north": {"uv": [13.5, 5.5, 13.75, 5.75], "texture": "#0"},
				"east": {"uv": [10, 5.5, 11.5, 5.75], "texture": "#0"},
				"south": {"uv": [6, 13.5, 6.25, 13.75], "texture": "#0"},
				"west": {"uv": [6, 10, 7.5, 10.25], "texture": "#0"},
				"up": {"uv": [10.25, 7.5, 10, 6], "texture": "#0"},
				"down": {"uv": [7.75, 10, 7.5, 11.5], "texture": "#0"}
			}
		},
		{
			"from": [7.3, 5, 13.1],
			"to": [8.2, 6, 14.1],
			"rotation": {"angle": -45, "axis": "x", "origin": [8, 0.2, 8]},
			"faces": {
				"north": {"uv": [9, 11.5, 9.5, 12], "texture": "#0"},
				"east": {"uv": [9.5, 11.5, 10, 12], "texture": "#0"},
				"south": {"uv": [11.5, 9.5, 12, 10], "texture": "#0"},
				"west": {"uv": [11.5, 10.5, 12, 11], "texture": "#0"},
				"up": {"uv": [12, 11.5, 11.5, 11], "texture": "#0"},
				"down": {"uv": [12, 11.5, 11.5, 12], "texture": "#0"}
			}
		},
		{
			"from": [7.3, 4.2, 1.2],
			"to": [8.2, 6.3, 2.2],
			"rotation": {"angle": 45, "axis": "x", "origin": [8, 0.2, 8]},
			"faces": {
				"north": {"uv": [5, 8.5, 5.5, 9.5], "texture": "#0"},
				"east": {"uv": [9, 1, 9.5, 2], "texture": "#0"},
				"south": {"uv": [9, 2, 9.5, 3], "texture": "#0"},
				"west": {"uv": [4, 9, 4.5, 10], "texture": "#0"},
				"up": {"uv": [12.5, 0.5, 12, 0], "texture": "#0"},
				"down": {"uv": [12.5, 0.5, 12, 1], "texture": "#0"}
			}
		},
		{
			"from": [7.3, 5.7, 12.8],
			"to": [8.2, 6, 13.1],
			"rotation": {"angle": -45, "axis": "x", "origin": [8, 0.2, 8]},
			"faces": {
				"north": {"uv": [13, 5.5, 13.5, 5.75], "texture": "#0"},
				"east": {"uv": [13.5, 6, 13.75, 6.25], "texture": "#0"},
				"south": {"uv": [6, 13, 6.5, 13.25], "texture": "#0"},
				"west": {"uv": [6.5, 13.5, 6.75, 13.75], "texture": "#0"},
				"up": {"uv": [13.5, 6.25, 13, 6], "texture": "#0"},
				"down": {"uv": [7, 13, 6.5, 13.25], "texture": "#0"}
			}
		},
		{
			"from": [7.3, 5.4, 1.2],
			"to": [8.2, 7.7, 2.2],
			"rotation": {"angle": 45, "axis": "x", "origin": [8, 1.6, 8]},
			"faces": {
				"north": {"uv": [2.5, 7, 3, 8.25], "texture": "#0"},
				"east": {"uv": [3, 7, 3.5, 8.25], "texture": "#0"},
				"south": {"uv": [7, 3, 7.5, 4.25], "texture": "#0"},
				"west": {"uv": [7, 4.5, 7.5, 5.75], "texture": "#0"},
				"up": {"uv": [12.5, 1.5, 12, 1], "texture": "#0"},
				"down": {"uv": [12.5, 1.5, 12, 2], "texture": "#0"}
			}
		},
		{
			"from": [7.3, 6.2, 13.1],
			"to": [8.2, 7.4, 14.1],
			"rotation": {"angle": -45, "axis": "x", "origin": [8, 1.6, 8]},
			"faces": {
				"north": {"uv": [12, 2, 12.5, 2.5], "texture": "#0"},
				"east": {"uv": [12, 2.5, 12.5, 3], "texture": "#0"},
				"south": {"uv": [12, 3, 12.5, 3.5], "texture": "#0"},
				"west": {"uv": [3.5, 12, 4, 12.5], "texture": "#0"},
				"up": {"uv": [12.5, 4, 12, 3.5], "texture": "#0"},
				"down": {"uv": [12.5, 4, 12, 4.5], "texture": "#0"}
			}
		},
		{
			"from": [7.3, 7.5, 13.1],
			"to": [8.2, 8.8, 14.1],
			"rotation": {"angle": -45, "axis": "x", "origin": [8, 3, 8]},
			"faces": {
				"north": {"uv": [10, 7.5, 10.5, 8.25], "texture": "#0"},
				"east": {"uv": [8, 10, 8.5, 10.75], "texture": "#0"},
				"south": {"uv": [8.5, 10, 9, 10.75], "texture": "#0"},
				"west": {"uv": [10, 8.5, 10.5, 9.25], "texture": "#0"},
				"up": {"uv": [5, 12.5, 4.5, 12], "texture": "#0"},
				"down": {"uv": [12.5, 4.5, 12, 5], "texture": "#0"}
			}
		},
		{
			"from": [7.3, 6.7, 1.2],
			"to": [8.2, 9.1, 2.2],
			"rotation": {"angle": 45, "axis": "x", "origin": [8, 3, 8]},
			"faces": {
				"north": {"uv": [5, 7, 5.5, 8.25], "texture": "#0"},
				"east": {"uv": [7, 6, 7.5, 7.25], "texture": "#0"},
				"south": {"uv": [7.5, 0, 8, 1.25], "texture": "#0"},
				"west": {"uv": [7.5, 1.5, 8, 2.75], "texture": "#0"},
				"up": {"uv": [5.5, 12.5, 5, 12], "texture": "#0"},
				"down": {"uv": [12.5, 5, 12, 5.5], "texture": "#0"}
			}
		},
		{
			"from": [7.3, 8.9, 13.1],
			"to": [8.2, 10.2, 14.1],
			"rotation": {"angle": -45, "axis": "x", "origin": [8, 4.4, 8]},
			"faces": {
				"north": {"uv": [9, 10, 9.5, 10.75], "texture": "#0"},
				"east": {"uv": [9.5, 10, 10, 10.75], "texture": "#0"},
				"south": {"uv": [10, 9.5, 10.5, 10.25], "texture": "#0"},
				"west": {"uv": [10.5, 0, 11, 0.75], "texture": "#0"},
				"up": {"uv": [6, 12.5, 5.5, 12], "texture": "#0"},
				"down": {"uv": [12.5, 5.5, 12, 6], "texture": "#0"}
			}
		},
		{
			"from": [7.3, 8.1, 1.2],
			"to": [8.2, 10.5, 2.2],
			"rotation": {"angle": 45, "axis": "x", "origin": [8, 4.4, 8]},
			"faces": {
				"north": {"uv": [7.5, 3, 8, 4.25], "texture": "#0"},
				"east": {"uv": [4, 7.5, 4.5, 8.75], "texture": "#0"},
				"south": {"uv": [4.5, 7.5, 5, 8.75], "texture": "#0"},
				"west": {"uv": [7.5, 4.5, 8, 5.75], "texture": "#0"},
				"up": {"uv": [12.5, 6.5, 12, 6], "texture": "#0"},
				"down": {"uv": [12.5, 6.5, 12, 7], "texture": "#0"}
			}
		},
		{
			"from": [7.3, 10.2, 13.1],
			"to": [8.2, 11.6, 14.1],
			"rotation": {"angle": -45, "axis": "x", "origin": [8, 5.8, 8]},
			"faces": {
				"north": {"uv": [0.5, 10.5, 1, 11.25], "texture": "#0"},
				"east": {"uv": [1, 10.5, 1.5, 11.25], "texture": "#0"},
				"south": {"uv": [10.5, 1.5, 11, 2.25], "texture": "#0"},
				"west": {"uv": [2.5, 10.5, 3, 11.25], "texture": "#0"},
				"up": {"uv": [12.5, 7.5, 12, 7], "texture": "#0"},
				"down": {"uv": [12.5, 7.5, 12, 8], "texture": "#0"}
			}
		},
		{
			"from": [7.3, 9.4, 1.2],
			"to": [8.2, 11.9, 2.2],
			"rotation": {"angle": 45, "axis": "x", "origin": [8, 5.8, 8]},
			"faces": {
				"north": {"uv": [5.5, 7.5, 6, 8.75], "texture": "#0"},
				"east": {"uv": [6, 7.5, 6.5, 8.75], "texture": "#0"},
				"south": {"uv": [7.5, 6, 8, 7.25], "texture": "#0"},
				"west": {"uv": [6.5, 7.5, 7, 8.75], "texture": "#0"},
				"up": {"uv": [12.5, 8.5, 12, 8], "texture": "#0"},
				"down": {"uv": [12.5, 8.5, 12, 9], "texture": "#0"}
			}
		},
		{
			"from": [7.3, 11.5, 13.1],
			"to": [8.2, 13, 14.1],
			"rotation": {"angle": -45, "axis": "x", "origin": [8, 7.2, 8]},
			"faces": {
				"north": {"uv": [10.5, 2.5, 11, 3.25], "texture": "#0"},
				"east": {"uv": [3, 10.5, 3.5, 11.25], "texture": "#0"},
				"south": {"uv": [3.5, 10.5, 4, 11.25], "texture": "#0"},
				"west": {"uv": [10.5, 3.5, 11, 4.25], "texture": "#0"},
				"up": {"uv": [9.5, 12.5, 9, 12], "texture": "#0"},
				"down": {"uv": [10, 12, 9.5, 12.5], "texture": "#0"}
			}
		},
		{
			"from": [7.3, 10.7, 1.2],
			"to": [8.2, 13.3, 2.2],
			"rotation": {"angle": 45, "axis": "x", "origin": [8, 7.2, 8]},
			"faces": {
				"north": {"uv": [7, 7.5, 7.5, 8.75], "texture": "#0"},
				"east": {"uv": [7.5, 7.5, 8, 8.75], "texture": "#0"},
				"south": {"uv": [8, 0, 8.5, 1.25], "texture": "#0"},
				"west": {"uv": [8, 1.5, 8.5, 2.75], "texture": "#0"},
				"up": {"uv": [12.5, 10, 12, 9.5], "texture": "#0"},
				"down": {"uv": [12.5, 10, 12, 10.5], "texture": "#0"}
			}
		},
		{
			"from": [7.3, 12.8, 13.1],
			"to": [8.2, 14.4, 14.1],
			"rotation": {"angle": -45, "axis": "x", "origin": [8, 8.6, 8]},
			"faces": {
				"north": {"uv": [5, 10.5, 5.5, 11.25], "texture": "#0"},
				"east": {"uv": [6, 10.5, 6.5, 11.25], "texture": "#0"},
				"south": {"uv": [10.5, 6, 11, 6.75], "texture": "#0"},
				"west": {"uv": [6.5, 10.5, 7, 11.25], "texture": "#0"},
				"up": {"uv": [12.5, 11, 12, 10.5], "texture": "#0"},
				"down": {"uv": [12.5, 11, 12, 11.5], "texture": "#0"}
			}
		},
		{
			"from": [7.3, 12, 1.2],
			"to": [8.2, 14.7, 2.2],
			"rotation": {"angle": 45, "axis": "x", "origin": [8, 8.6, 8]},
			"faces": {
				"north": {"uv": [8, 3, 8.5, 4.25], "texture": "#0"},
				"east": {"uv": [3.5, 8, 4, 9.25], "texture": "#0"},
				"south": {"uv": [8, 4.5, 8.5, 5.75], "texture": "#0"},
				"west": {"uv": [8, 6, 8.5, 7.25], "texture": "#0"},
				"up": {"uv": [12, 12.5, 11.5, 12], "texture": "#0"},
				"down": {"uv": [12.5, 11.5, 12, 12], "texture": "#0"}
			}
		},
		{
			"from": [7.3, 14.1, 13.1],
			"to": [8.2, 15.8, 14.1],
			"rotation": {"angle": -45, "axis": "x", "origin": [8, 10, 8]},
			"faces": {
				"north": {"uv": [7, 10.5, 7.5, 11.25], "texture": "#0"},
				"east": {"uv": [10.5, 7, 11, 7.75], "texture": "#0"},
				"south": {"uv": [10.5, 8, 11, 8.75], "texture": "#0"},
				"west": {"uv": [10.5, 9, 11, 9.75], "texture": "#0"},
				"up": {"uv": [12.5, 12.5, 12, 12], "texture": "#0"},
				"down": {"uv": [0.5, 12.5, 0, 13], "texture": "#0"}
			}
		},
		{
			"from": [7.3, 13.3, 1.2],
			"to": [8.2, 16.1, 2.2],
			"rotation": {"angle": 45, "axis": "x", "origin": [8, 10, 8]},
			"faces": {
				"north": {"uv": [5.5, 0, 6, 1.5], "texture": "#0"},
				"east": {"uv": [5.5, 1.5, 6, 3], "texture": "#0"},
				"south": {"uv": [5.5, 3, 6, 4.5], "texture": "#0"},
				"west": {"uv": [5.5, 4.5, 6, 6], "texture": "#0"},
				"up": {"uv": [13, 0.5, 12.5, 0], "texture": "#0"},
				"down": {"uv": [13, 0.5, 12.5, 1], "texture": "#0"}
			}
		},
		{
			"from": [7.3, 15.4, 13.1],
			"to": [8.2, 17.2, 14.1],
			"rotation": {"angle": -45, "axis": "x", "origin": [8, 11.4, 8]},
			"faces": {
				"north": {"uv": [4.5, 9, 5, 10], "texture": "#0"},
				"east": {"uv": [5.5, 9, 6, 10], "texture": "#0"},
				"south": {"uv": [6, 9, 6.5, 10], "texture": "#0"},
				"west": {"uv": [6.5, 9, 7, 10], "texture": "#0"},
				"up": {"uv": [13, 1.5, 12.5, 1], "texture": "#0"},
				"down": {"uv": [2, 12.5, 1.5, 13], "texture": "#0"}
			}
		},
		{
			"from": [7.3, 14.6, 1.2],
			"to": [8.2, 17.5, 2.2],
			"rotation": {"angle": 45, "axis": "x", "origin": [8, 11.4, 8]},
			"faces": {
				"north": {"uv": [6, 0, 6.5, 1.5], "texture": "#0"},
				"east": {"uv": [6, 1.5, 6.5, 3], "texture": "#0"},
				"south": {"uv": [6, 3, 6.5, 4.5], "texture": "#0"},
				"west": {"uv": [4, 6, 4.5, 7.5], "texture": "#0"},
				"up": {"uv": [13, 2, 12.5, 1.5], "texture": "#0"},
				"down": {"uv": [2.5, 12.5, 2, 13], "texture": "#0"}
			}
		},
		{
			"from": [7.3, 16.7, 13.1],
			"to": [8.2, 18.6, 14.1],
			"rotation": {"angle": -45, "axis": "x", "origin": [8, 12.8, 8]},
			"faces": {
				"north": {"uv": [7, 9, 7.5, 10], "texture": "#0"},
				"east": {"uv": [7.5, 9, 8, 10], "texture": "#0"},
				"south": {"uv": [8, 9, 8.5, 10], "texture": "#0"},
				"west": {"uv": [8.5, 9, 9, 10], "texture": "#0"},
				"up": {"uv": [13, 2.5, 12.5, 2], "texture": "#0"},
				"down": {"uv": [13, 2.5, 12.5, 3], "texture": "#0"}
			}
		},
		{
			"from": [7.3, 15.9, 1.2],
			"to": [8.2, 18.9, 2.2],
			"rotation": {"angle": 45, "axis": "x", "origin": [8, 12.8, 8]},
			"faces": {
				"north": {"uv": [4.5, 6, 5, 7.5], "texture": "#0"},
				"east": {"uv": [6, 4.5, 6.5, 6], "texture": "#0"},
				"south": {"uv": [5.5, 6, 6, 7.5], "texture": "#0"},
				"west": {"uv": [6, 6, 6.5, 7.5], "texture": "#0"},
				"up": {"uv": [13, 3.5, 12.5, 3], "texture": "#0"},
				"down": {"uv": [4, 12.5, 3.5, 13], "texture": "#0"}
			}
		},
		{
			"from": [7.3, 18.1, 13.1],
			"to": [8.2, 20, 14.1],
			"rotation": {"angle": -45, "axis": "x", "origin": [8, 14.2, 8]},
			"faces": {
				"north": {"uv": [9, 9, 9.5, 10], "texture": "#0"},
				"east": {"uv": [9.5, 1, 10, 2], "texture": "#0"},
				"south": {"uv": [9.5, 2, 10, 3], "texture": "#0"},
				"west": {"uv": [2.5, 9.5, 3, 10.5], "texture": "#0"},
				"up": {"uv": [13, 4, 12.5, 3.5], "texture": "#0"},
				"down": {"uv": [4.5, 12.5, 4, 13], "texture": "#0"}
			}
		},
		{
			"from": [7.3, 17.3, 1.2],
			"to": [8.2, 20.3, 2.2],
			"rotation": {"angle": 45, "axis": "x", "origin": [8, 14.2, 8]},
			"faces": {
				"north": {"uv": [6.5, 0, 7, 1.5], "texture": "#0"},
				"east": {"uv": [6.5, 1.5, 7, 3], "texture": "#0"},
				"south": {"uv": [6.5, 3, 7, 4.5], "texture": "#0"},
				"west": {"uv": [6.5, 4.5, 7, 6], "texture": "#0"},
				"up": {"uv": [13, 4.5, 12.5, 4], "texture": "#0"},
				"down": {"uv": [5, 12.5, 4.5, 13], "texture": "#0"}
			}
		},
		{
			"from": [7.3, 19.4, 13.1],
			"to": [8.2, 21.4, 14.1],
			"rotation": {"angle": -45, "axis": "x", "origin": [8, 15.6, 8]},
			"faces": {
				"north": {"uv": [3, 9.5, 3.5, 10.5], "texture": "#0"},
				"east": {"uv": [9.5, 3, 10, 4], "texture": "#0"},
				"south": {"uv": [3.5, 9.5, 4, 10.5], "texture": "#0"},
				"west": {"uv": [9.5, 4, 10, 5], "texture": "#0"},
				"up": {"uv": [13, 5, 12.5, 4.5], "texture": "#0"},
				"down": {"uv": [5.5, 12.5, 5, 13], "texture": "#0"}
			}
		},
		{
			"from": [7.3, 18.6, 1.2],
			"to": [8.2, 21.7, 2.2],
			"rotation": {"angle": 45, "axis": "x", "origin": [8, 15.6, 8]},
			"faces": {
				"north": {"uv": [6.5, 6, 7, 7.5], "texture": "#0"},
				"east": {"uv": [0, 7, 0.5, 8.5], "texture": "#0"},
				"south": {"uv": [7, 0, 7.5, 1.5], "texture": "#0"},
				"west": {"uv": [0.5, 7, 1, 8.5], "texture": "#0"},
				"up": {"uv": [13, 5.5, 12.5, 5], "texture": "#0"},
				"down": {"uv": [6, 12.5, 5.5, 13], "texture": "#0"}
			}
		},
		{
			"from": [7.3, 20.7, 13.1],
			"to": [8.2, 22.8, 14.1],
			"rotation": {"angle": -45, "axis": "x", "origin": [8, 17, 8]},
			"faces": {
				"north": {"uv": [5, 9.5, 5.5, 10.5], "texture": "#0"},
				"east": {"uv": [9.5, 5, 10, 6], "texture": "#0"},
				"south": {"uv": [9.5, 6, 10, 7], "texture": "#0"},
				"west": {"uv": [9.5, 7, 10, 8], "texture": "#0"},
				"up": {"uv": [13, 6, 12.5, 5.5], "texture": "#0"},
				"down": {"uv": [6.5, 12.5, 6, 13], "texture": "#0"}
			}
		},
		{
			"from": [7.3, 19.9, 1.2],
			"to": [8.2, 23.1, 2.2],
			"rotation": {"angle": 45, "axis": "x", "origin": [8, 17, 8]},
			"faces": {
				"north": {"uv": [1, 7, 1.5, 8.5], "texture": "#0"},
				"east": {"uv": [1.5, 7, 2, 8.5], "texture": "#0"},
				"south": {"uv": [7, 1.5, 7.5, 3], "texture": "#0"},
				"west": {"uv": [2, 7, 2.5, 8.5], "texture": "#0"},
				"up": {"uv": [13, 6.5, 12.5, 6], "texture": "#0"},
				"down": {"uv": [7, 12.5, 6.5, 13], "texture": "#0"}
			}
		},
		{
			"from": [7.3, 22, 13.1],
			"to": [8.2, 24.2, 14.1],
			"rotation": {"angle": -45, "axis": "x", "origin": [8, 18.4, 8]},
			"faces": {
				"north": {"uv": [9.5, 8, 10, 9], "texture": "#0"},
				"east": {"uv": [9.5, 9, 10, 10], "texture": "#0"},
				"south": {"uv": [0, 10, 0.5, 11], "texture": "#0"},
				"west": {"uv": [10, 0, 10.5, 1], "texture": "#0"},
				"up": {"uv": [13, 7, 12.5, 6.5], "texture": "#0"},
				"down": {"uv": [7.5, 12.5, 7, 13], "texture": "#0"}
			}
		},
		{
			"from": [7.3, 21.2, 1.2],
			"to": [8.2, 24.5, 2.2],
			"rotation": {"angle": 45, "axis": "x", "origin": [8, 18.4, 8]},
			"faces": {
				"north": {"uv": [4.5, 0, 5, 1.75], "texture": "#0"},
				"east": {"uv": [4.5, 2, 5, 3.75], "texture": "#0"},
				"south": {"uv": [4.5, 4, 5, 5.75], "texture": "#0"},
				"west": {"uv": [0, 5, 0.5, 6.75], "texture": "#0"},
				"up": {"uv": [13, 7.5, 12.5, 7], "texture": "#0"},
				"down": {"uv": [8, 12.5, 7.5, 13], "texture": "#0"}
			}
		},
		{
			"from": [7.3, 23.3, 13.1],
			"to": [8.2, 25.6, 14.1],
			"rotation": {"angle": -45, "axis": "x", "origin": [8, 19.8, 8]},
			"faces": {
				"north": {"uv": [8, 7.5, 8.5, 8.75], "texture": "#0"},
				"east": {"uv": [0, 8.5, 0.5, 9.75], "texture": "#0"},
				"south": {"uv": [8.5, 0, 9, 1.25], "texture": "#0"},
				"west": {"uv": [0.5, 8.5, 1, 9.75], "texture": "#0"},
				"up": {"uv": [13, 8, 12.5, 7.5], "texture": "#0"},
				"down": {"uv": [8.5, 12.5, 8, 13], "texture": "#0"}
			}
		},
		{
			"from": [7.3, 22.5, 1.2],
			"to": [8.2, 25.9, 2.2],
			"rotation": {"angle": 45, "axis": "x", "origin": [8, 19.8, 8]},
			"faces": {
				"north": {"uv": [5, 0, 5.5, 1.75], "texture": "#0"},
				"east": {"uv": [0.5, 5, 1, 6.75], "texture": "#0"},
				"south": {"uv": [1, 5, 1.5, 6.75], "texture": "#0"},
				"west": {"uv": [1.5, 5, 2, 6.75], "texture": "#0"},
				"up": {"uv": [13, 8.5, 12.5, 8], "texture": "#0"},
				"down": {"uv": [9, 12.5, 8.5, 13], "texture": "#0"}
			}
		},
		{
			"from": [7.3, 24.6, 13.1],
			"to": [8.2, 27, 14.1],
			"rotation": {"angle": -45, "axis": "x", "origin": [8, 21.2, 8]},
			"faces": {
				"north": {"uv": [1, 8.5, 1.5, 9.75], "texture": "#0"},
				"east": {"uv": [1.5, 8.5, 2, 9.75], "texture": "#0"},
				"south": {"uv": [8.5, 1.5, 9, 2.75], "texture": "#0"},
				"west": {"uv": [2, 8.5, 2.5, 9.75], "texture": "#0"},
				"up": {"uv": [13, 9, 12.5, 8.5], "texture": "#0"},
				"down": {"uv": [9.5, 12.5, 9, 13], "texture": "#0"}
			}
		},
		{
			"from": [7.3, 23.8, 1.2],
			"to": [8.2, 27.3, 2.2],
			"rotation": {"angle": 45, "axis": "x", "origin": [8, 21.2, 8]},
			"faces": {
				"north": {"uv": [2, 5, 2.5, 6.75], "texture": "#0"},
				"east": {"uv": [5, 2, 5.5, 3.75], "texture": "#0"},
				"south": {"uv": [2.5, 5, 3, 6.75], "texture": "#0"},
				"west": {"uv": [3, 5, 3.5, 6.75], "texture": "#0"},
				"up": {"uv": [13, 9.5, 12.5, 9], "texture": "#0"},
				"down": {"uv": [10, 12.5, 9.5, 13], "texture": "#0"}
			}
		},
		{
			"from": [7.2, 0, 8.2],
			"to": [8.4, 1, 8.7],
			"rotation": {"angle": 0, "axis": "y", "origin": [8, 4.4, 8]},
			"faces": {
				"north": {"uv": [12.5, 9.5, 13, 10], "texture": "#0"},
				"east": {"uv": [13, 6.5, 13.25, 7], "texture": "#0"},
				"south": {"uv": [10, 12.5, 10.5, 13], "texture": "#0"},
				"west": {"uv": [7, 13, 7.25, 13.5], "texture": "#0"},
				"up": {"uv": [13.5, 7.25, 13, 7], "texture": "#0"},
				"down": {"uv": [8, 13, 7.5, 13.25], "texture": "#0"}
			}
		},
		{
			"from": [7.2, 0, 6.3],
			"to": [8.4, 1, 6.8],
			"rotation": {"angle": 0, "axis": "y", "origin": [8, 4.4, 8]},
			"faces": {
				"north": {"uv": [12.5, 10, 13, 10.5], "texture": "#0"},
				"east": {"uv": [13, 7.5, 13.25, 8], "texture": "#0"},
				"south": {"uv": [10.5, 12.5, 11, 13], "texture": "#0"},
				"west": {"uv": [8, 13, 8.25, 13.5], "texture": "#0"},
				"up": {"uv": [13.5, 8.25, 13, 8], "texture": "#0"},
				"down": {"uv": [9, 13, 8.5, 13.25], "texture": "#0"}
			}
		}
	],
	"display": {
		"thirdperson_righthand": {
			"translation": [-0.75, 3.75, 2.5],
			"scale": [0.85, 0.85, 0.85]
		},
		"thirdperson_lefthand": {
			"translation": [-0.75, 1.5, 2.5],
			"scale": [0.85, 0.85, 0.85]
		},
		"firstperson_righthand": {
			"rotation": [-42.5, 0, 0],
			"translation": [6, 0, 0]
		},
		"firstperson_lefthand": {
			"rotation": [-42.5, 0, 0],
			"translation": [6, 0, 0]
		},
		"ground": {
			"rotation": [45, 0, 0],
			"translation": [0, 4.5, 0]
		},
		"gui": {
			"rotation": [90, 45, -90],
			"translation": [-3, -3.5, 0],
			"scale": [0.65, 0.65, 0.65]
		},
		"head": {
			"rotation": [90, 0, 90],
			"translation": [7.5, 1.75, 0.25]
		},
		"fixed": {
			"rotation": [-90, 45, 90],
			"translation": [3.75, -3, 0],
			"scale": [0.75, 0.75, 0.75]
		}
	},
	"groups": [
		{
			"name": "group",
			"origin": [8, 4.4, 8],
			"color": 0,
			"nbt": "{}",
			"children": [
				0,
				1,
				2,
				3,
				4,
				5,
				6,
				7,
				8,
				9,
				10,
				11,
				12,
				13,
				14,
				15,
				16,
				17,
				18,
				19,
				20,
				21,
				22,
				23,
				24,
				25,
				26,
				27,
				28,
				29,
				30,
				31,
				32,
				33,
				34,
				35,
				36,
				37,
				38,
				39,
				40,
				41,
				42,
				43,
				44,
				45,
				46,
				47,
				48,
				49,
				50,
				51,
				52,
				53,
				54,
				55,
				56,
				57
			]
		}
	]
}