{
	"credit": "Made with Blockbench",
	"texture_size": [64, 64],
	"textures": {
		"2": "./oni_helm"
	},
	"elements": [
		{
			"from": [7, 2, 3.7],
			"to": [9, 6, 4.5],
			"rotation": {"angle": 0, "axis": "y", "origin": [-1, 0, -3]},
			"faces": {
				"north": {"uv": [1.75, 6.25, 2.25, 7.25], "texture": "#2"},
				"east": {"uv": [6.25, 3.75, 6.5, 4.75], "texture": "#2"},
				"south": {"uv": [2.25, 6.25, 2.75, 7.25], "texture": "#2"},
				"west": {"uv": [6.5, 6.75, 6.75, 7.75], "texture": "#2"},
				"up": {"uv": [6.5, 5, 6, 4.75], "texture": "#2"},
				"down": {"uv": [8.75, 5.25, 8.25, 5.5], "texture": "#2"}
			}
		},
		{
			"from": [4, 3, 4],
			"to": [5, 4, 4.5],
			"rotation": {"angle": 0, "axis": "y", "origin": [-1, 0, -3]},
			"faces": {
				"north": {"uv": [6, 4.5, 6.25, 4.75], "texture": "#2"},
				"east": {"uv": [9.25, 7, 9.375, 7.25], "texture": "#2"},
				"south": {"uv": [7, 3.5, 7.25, 3.75], "texture": "#2"},
				"west": {"uv": [7.75, 9.25, 7.875, 9.5], "texture": "#2"},
				"up": {"uv": [9.5, 7.875, 9.25, 7.75], "texture": "#2"},
				"down": {"uv": [8.25, 9.25, 8, 9.375], "texture": "#2"}
			}
		},
		{
			"from": [5, 4, 4],
			"to": [7, 5, 4.5],
			"rotation": {"angle": 0, "axis": "y", "origin": [-1, 0, -3]},
			"faces": {
				"north": {"uv": [8.25, 6.5, 8.75, 6.75], "texture": "#2"},
				"east": {"uv": [9, 9.25, 9.125, 9.5], "texture": "#2"},
				"south": {"uv": [8.25, 6.75, 8.75, 7], "texture": "#2"},
				"west": {"uv": [9.25, 9.25, 9.375, 9.5], "texture": "#2"},
				"up": {"uv": [3, 9.125, 2.5, 9], "texture": "#2"},
				"down": {"uv": [9.5, 3.25, 9, 3.375], "texture": "#2"}
			}
		},
		{
			"from": [11, 3, 4],
			"to": [12, 4, 4.5],
			"rotation": {"angle": 0, "axis": "y", "origin": [-1, 0, -3]},
			"faces": {
				"north": {"uv": [7, 6.5, 7.25, 6.75], "texture": "#2"},
				"east": {"uv": [9.5, 0, 9.625, 0.25], "texture": "#2"},
				"south": {"uv": [8, 3.25, 8.25, 3.5], "texture": "#2"},
				"west": {"uv": [0.25, 9.5, 0.375, 9.75], "texture": "#2"},
				"up": {"uv": [9.75, 0.375, 9.5, 0.25], "texture": "#2"},
				"down": {"uv": [0.75, 9.5, 0.5, 9.625], "texture": "#2"}
			}
		},
		{
			"from": [9, 4, 4],
			"to": [11, 5, 4.5],
			"rotation": {"angle": 0, "axis": "y", "origin": [-1, 0, -3]},
			"faces": {
				"north": {"uv": [8.25, 7, 8.75, 7.25], "texture": "#2"},
				"east": {"uv": [9.5, 0.5, 9.625, 0.75], "texture": "#2"},
				"south": {"uv": [8.25, 7.25, 8.75, 7.5], "texture": "#2"},
				"west": {"uv": [9.5, 0.75, 9.625, 1], "texture": "#2"},
				"up": {"uv": [5, 9.125, 4.5, 9], "texture": "#2"},
				"down": {"uv": [9.5, 4.5, 9, 4.625], "texture": "#2"}
			}
		},
		{
			"from": [11, 2, 4.2],
			"to": [12, 3, 4.5],
			"rotation": {"angle": 0, "axis": "y", "origin": [-1, 0, -3]},
			"faces": {
				"north": {"uv": [3, 9, 3.25, 9.25], "texture": "#2"},
				"east": {"uv": [9.5, 1, 9.625, 1.25], "texture": "#2"},
				"south": {"uv": [9, 4.75, 9.25, 5], "texture": "#2"},
				"west": {"uv": [9.5, 1.25, 9.625, 1.5], "texture": "#2"},
				"up": {"uv": [9.75, 1.625, 9.5, 1.5], "texture": "#2"},
				"down": {"uv": [9.75, 1.75, 9.5, 1.875], "texture": "#2"}
			}
		},
		{
			"from": [4, 2, 4.2],
			"to": [5, 3, 4.5],
			"rotation": {"angle": 0, "axis": "y", "origin": [-1, 0, -3]},
			"faces": {
				"north": {"uv": [9, 5, 9.25, 5.25], "texture": "#2"},
				"east": {"uv": [9.5, 2, 9.625, 2.25], "texture": "#2"},
				"south": {"uv": [9, 5.25, 9.25, 5.5], "texture": "#2"},
				"west": {"uv": [9.5, 2.25, 9.625, 2.5], "texture": "#2"},
				"up": {"uv": [9.75, 2.625, 9.5, 2.5], "texture": "#2"},
				"down": {"uv": [3, 9.5, 2.75, 9.625], "texture": "#2"}
			}
		},
		{
			"from": [11, 1.5, 4.5],
			"to": [12, 4, 13],
			"rotation": {"angle": 0, "axis": "y", "origin": [-1, 0, -3]},
			"faces": {
				"north": {"uv": [4, 8, 4.25, 8.625], "texture": "#2"},
				"east": {"uv": [1.25, 0, 3.375, 0.625], "texture": "#2"},
				"south": {"uv": [8, 4, 8.25, 4.625], "texture": "#2"},
				"west": {"uv": [1.25, 0.75, 3.375, 1.375], "texture": "#2"},
				"up": {"uv": [1, 8.375, 0.75, 6.25], "texture": "#2"},
				"down": {"uv": [1.25, 6.25, 1, 8.375], "texture": "#2"}
			}
		},
		{
			"from": [4, 1.5, 4.5],
			"to": [5, 4, 13],
			"rotation": {"angle": 0, "axis": "y", "origin": [-1, 0, -3]},
			"faces": {
				"north": {"uv": [4.25, 8, 4.5, 8.625], "texture": "#2"},
				"east": {"uv": [1.25, 1.5, 3.375, 2.125], "texture": "#2"},
				"south": {"uv": [8, 4.75, 8.25, 5.375], "texture": "#2"},
				"west": {"uv": [1.25, 2.25, 3.375, 2.875], "texture": "#2"},
				"up": {"uv": [1.5, 8.375, 1.25, 6.25], "texture": "#2"},
				"down": {"uv": [1.75, 6.25, 1.5, 8.375], "texture": "#2"}
			}
		},
		{
			"from": [7, 6, 4.5],
			"to": [9, 8, 5.5],
			"rotation": {"angle": 0, "axis": "y", "origin": [-1, 0, -3]},
			"faces": {
				"north": {"uv": [0, 2.5, 0.5, 3], "texture": "#2"},
				"east": {"uv": [1, 2.5, 1.25, 3], "texture": "#2"},
				"south": {"uv": [0.5, 2.5, 1, 3], "texture": "#2"},
				"west": {"uv": [2.75, 8.25, 3, 8.75], "texture": "#2"},
				"up": {"uv": [8.75, 7.75, 8.25, 7.5], "texture": "#2"},
				"down": {"uv": [8.75, 7.75, 8.25, 8], "texture": "#2"}
			}
		},
		{
			"from": [5, 5, 4.5],
			"to": [7, 7, 5.5],
			"rotation": {"angle": 0, "axis": "y", "origin": [-1, 0, -3]},
			"faces": {
				"north": {"uv": [5.5, 4.5, 6, 5], "texture": "#2"},
				"east": {"uv": [7.25, 8.25, 7.5, 8.75], "texture": "#2"},
				"south": {"uv": [6.75, 5.25, 7.25, 5.75], "texture": "#2"},
				"west": {"uv": [0, 8.5, 0.25, 9], "texture": "#2"},
				"up": {"uv": [1.25, 8.75, 0.75, 8.5], "texture": "#2"},
				"down": {"uv": [9, 1, 8.5, 1.25], "texture": "#2"}
			}
		},
		{
			"from": [11, 4, 5],
			"to": [12, 6.5, 13],
			"rotation": {"angle": 0, "axis": "y", "origin": [-1, 0, -3]},
			"faces": {
				"north": {"uv": [5, 8, 5.25, 8.625], "texture": "#2"},
				"east": {"uv": [0, 3, 2, 3.625], "texture": "#2"},
				"south": {"uv": [5.25, 8, 5.5, 8.625], "texture": "#2"},
				"west": {"uv": [2, 3, 4, 3.625], "texture": "#2"},
				"up": {"uv": [3, 8.25, 2.75, 6.25], "texture": "#2"},
				"down": {"uv": [3.25, 6.5, 3, 8.5], "texture": "#2"}
			}
		},
		{
			"from": [9, 5, 4.5],
			"to": [11, 7, 5.5],
			"rotation": {"angle": 0, "axis": "y", "origin": [-1, 0, -3]},
			"faces": {
				"north": {"uv": [6.75, 6.75, 7.25, 7.25], "texture": "#2"},
				"east": {"uv": [0.25, 8.5, 0.5, 9], "texture": "#2"},
				"south": {"uv": [0, 7, 0.5, 7.5], "texture": "#2"},
				"west": {"uv": [1.25, 8.5, 1.5, 9], "texture": "#2"},
				"up": {"uv": [9, 1.5, 8.5, 1.25], "texture": "#2"},
				"down": {"uv": [3.5, 8.5, 3, 8.75], "texture": "#2"}
			}
		},
		{
			"from": [9, 4, 4.5],
			"to": [11, 5, 5.5],
			"rotation": {"angle": 0, "axis": "y", "origin": [-1, 0, -3]},
			"faces": {
				"north": {"uv": [8.5, 5.75, 9, 6], "texture": "#2"},
				"east": {"uv": [9, 5.5, 9.25, 5.75], "texture": "#2"},
				"south": {"uv": [8.5, 6, 9, 6.25], "texture": "#2"},
				"west": {"uv": [9, 5.75, 9.25, 6], "texture": "#2"},
				"up": {"uv": [9, 6.5, 8.5, 6.25], "texture": "#2"},
				"down": {"uv": [8.5, 8.5, 8, 8.75], "texture": "#2"}
			}
		},
		{
			"from": [5, 4, 4.5],
			"to": [7, 5, 5.5],
			"rotation": {"angle": 0, "axis": "y", "origin": [-1, 0, -3]},
			"faces": {
				"north": {"uv": [8.5, 8, 9, 8.25], "texture": "#2"},
				"east": {"uv": [9, 6, 9.25, 6.25], "texture": "#2"},
				"south": {"uv": [8.5, 8.25, 9, 8.5], "texture": "#2"},
				"west": {"uv": [9, 6.25, 9.25, 6.5], "texture": "#2"},
				"up": {"uv": [9, 8.75, 8.5, 8.5], "texture": "#2"},
				"down": {"uv": [1.25, 8.75, 0.75, 9], "texture": "#2"}
			}
		},
		{
			"from": [4, 4, 5],
			"to": [5, 6.5, 13],
			"rotation": {"angle": 0, "axis": "y", "origin": [-1, 0, -3]},
			"faces": {
				"north": {"uv": [5.5, 8, 5.75, 8.625], "texture": "#2"},
				"east": {"uv": [3.5, 0, 5.5, 0.625], "texture": "#2"},
				"south": {"uv": [5.75, 8, 6, 8.625], "texture": "#2"},
				"west": {"uv": [3.5, 0.75, 5.5, 1.375], "texture": "#2"},
				"up": {"uv": [3.5, 8.5, 3.25, 6.5], "texture": "#2"},
				"down": {"uv": [6.75, 3.75, 6.5, 5.75], "texture": "#2"}
			}
		},
		{
			"from": [5, 7, 5],
			"to": [7, 7.5, 5.5],
			"rotation": {"angle": 0, "axis": "y", "origin": [-1, 0, -3]},
			"faces": {
				"north": {"uv": [9, 6.5, 9.5, 6.625], "texture": "#2"},
				"east": {"uv": [8.75, 9.5, 8.875, 9.625], "texture": "#2"},
				"south": {"uv": [6.75, 9, 7.25, 9.125], "texture": "#2"},
				"west": {"uv": [9.5, 8.75, 9.625, 8.875], "texture": "#2"},
				"up": {"uv": [9.5, 6.875, 9, 6.75], "texture": "#2"},
				"down": {"uv": [9.5, 7.25, 9, 7.375], "texture": "#2"}
			}
		},
		{
			"from": [9, 7, 5],
			"to": [11, 7.5, 5.5],
			"rotation": {"angle": 0, "axis": "y", "origin": [-1, 0, -3]},
			"faces": {
				"north": {"uv": [9, 7.5, 9.5, 7.625], "texture": "#2"},
				"east": {"uv": [9, 9.5, 9.125, 9.625], "texture": "#2"},
				"south": {"uv": [9, 8, 9.5, 8.125], "texture": "#2"},
				"west": {"uv": [9.5, 9, 9.625, 9.125], "texture": "#2"},
				"up": {"uv": [9.5, 8.375, 9, 8.25], "texture": "#2"},
				"down": {"uv": [9.5, 8.5, 9, 8.625], "texture": "#2"}
			}
		},
		{
			"from": [5, 6.5, 5.5],
			"to": [7, 7.5, 13],
			"rotation": {"angle": 0, "axis": "y", "origin": [-1, 0, -3]},
			"faces": {
				"north": {"uv": [8.75, 1.5, 9.25, 1.75], "texture": "#2"},
				"east": {"uv": [5, 6.5, 6.875, 6.75], "texture": "#2"},
				"south": {"uv": [8.75, 1.75, 9.25, 2], "texture": "#2"},
				"west": {"uv": [6.5, 5.75, 8.375, 6], "texture": "#2"},
				"up": {"uv": [3.5, 6.375, 3, 4.5], "texture": "#2"},
				"down": {"uv": [5, 3, 4.5, 4.875], "texture": "#2"}
			}
		},
		{
			"from": [9, 6.5, 5.5],
			"to": [11, 7.5, 13],
			"rotation": {"angle": 0, "axis": "y", "origin": [-1, 0, -3]},
			"faces": {
				"north": {"uv": [2, 8.75, 2.5, 9], "texture": "#2"},
				"east": {"uv": [6.5, 6, 8.375, 6.25], "texture": "#2"},
				"south": {"uv": [8.75, 2, 9.25, 2.25], "texture": "#2"},
				"west": {"uv": [6.5, 6.25, 8.375, 6.5], "texture": "#2"},
				"up": {"uv": [4, 6.625, 3.5, 4.75], "texture": "#2"},
				"down": {"uv": [4.5, 4.75, 4, 6.625], "texture": "#2"}
			}
		},
		{
			"from": [7, 7, 5.5],
			"to": [9, 8, 13],
			"rotation": {"angle": 0, "axis": "y", "origin": [-1, 0, -3]},
			"faces": {
				"north": {"uv": [8.75, 2.25, 9.25, 2.5], "texture": "#2"},
				"east": {"uv": [6.75, 1.5, 8.625, 1.75], "texture": "#2"},
				"south": {"uv": [8.75, 2.5, 9.25, 2.75], "texture": "#2"},
				"west": {"uv": [6.75, 1.75, 8.625, 2], "texture": "#2"},
				"up": {"uv": [5.5, 4.875, 5, 3], "texture": "#2"},
				"down": {"uv": [5, 5, 4.5, 6.875], "texture": "#2"}
			}
		},
		{
			"from": [4.5, 6.5, 5],
			"to": [5, 7, 13],
			"rotation": {"angle": 0, "axis": "y", "origin": [-1, 0, -3]},
			"faces": {
				"north": {"uv": [9.25, 9.5, 9.375, 9.625], "texture": "#2"},
				"east": {"uv": [7, 0, 9, 0.125], "texture": "#2"},
				"south": {"uv": [9.5, 9.25, 9.625, 9.375], "texture": "#2"},
				"west": {"uv": [7, 0.25, 9, 0.375], "texture": "#2"},
				"up": {"uv": [0.625, 9, 0.5, 7], "texture": "#2"},
				"down": {"uv": [4.625, 7, 4.5, 9], "texture": "#2"}
			}
		},
		{
			"from": [11, 6.5, 5],
			"to": [11.5, 7, 13],
			"rotation": {"angle": 0, "axis": "y", "origin": [-1, 0, -3]},
			"faces": {
				"north": {"uv": [9.5, 9.5, 9.625, 9.625], "texture": "#2"},
				"east": {"uv": [7, 0.5, 9, 0.625], "texture": "#2"},
				"south": {"uv": [0, 9.75, 0.125, 9.875], "texture": "#2"},
				"west": {"uv": [7, 0.75, 9, 0.875], "texture": "#2"},
				"up": {"uv": [4.875, 9, 4.75, 7], "texture": "#2"},
				"down": {"uv": [1.875, 7.25, 1.75, 9.25], "texture": "#2"}
			}
		},
		{
			"from": [7.5, 1, 2.7],
			"to": [8.5, 1.5, 4.2],
			"rotation": {"angle": 0, "axis": "y", "origin": [-1, 0, -3]},
			"faces": {
				"north": {"uv": [9.5, 2.75, 9.75, 2.875], "texture": "#2"},
				"east": {"uv": [5.25, 9.25, 5.625, 9.375], "texture": "#2"},
				"south": {"uv": [3, 9.5, 3.25, 9.625], "texture": "#2"},
				"west": {"uv": [9.25, 5.25, 9.625, 5.375], "texture": "#2"},
				"up": {"uv": [9, 7.625, 8.75, 7.25], "texture": "#2"},
				"down": {"uv": [8.25, 8.75, 8, 9.125], "texture": "#2"}
			}
		},
		{
			"from": [7.5, 1, 2.4],
			"to": [8.5, 2.5, 2.7],
			"rotation": {"angle": 0, "axis": "y", "origin": [-1, 0, -3]},
			"faces": {
				"north": {"uv": [0.5, 9, 0.75, 9.375], "texture": "#2"},
				"east": {"uv": [7.25, 9.25, 7.375, 9.625], "texture": "#2"},
				"south": {"uv": [9, 0.5, 9.25, 0.875], "texture": "#2"},
				"west": {"uv": [7.5, 9.25, 7.625, 9.625], "texture": "#2"},
				"up": {"uv": [8.25, 9.625, 8, 9.5], "texture": "#2"},
				"down": {"uv": [9.75, 8, 9.5, 8.125], "texture": "#2"}
			}
		},
		{
			"from": [7.7, 0.5, 2.7],
			"to": [8.3, 1, 3.2],
			"rotation": {"angle": 0, "axis": "y", "origin": [-1, 0, -3]},
			"faces": {
				"north": {"uv": [9.75, 8, 9.875, 8.125], "texture": "#2"},
				"east": {"uv": [8.25, 9.75, 8.375, 9.875], "texture": "#2"},
				"south": {"uv": [9.75, 8.25, 9.875, 8.375], "texture": "#2"},
				"west": {"uv": [8.5, 9.75, 8.625, 9.875], "texture": "#2"},
				"up": {"uv": [9.875, 8.625, 9.75, 8.5], "texture": "#2"},
				"down": {"uv": [8.875, 9.75, 8.75, 9.875], "texture": "#2"}
			}
		},
		{
			"from": [7, 1.5, 2.7],
			"to": [9, 3, 3.7],
			"rotation": {"angle": 0, "axis": "y", "origin": [-1, 0, -3]},
			"faces": {
				"north": {"uv": [0, 8, 0.5, 8.375], "texture": "#2"},
				"east": {"uv": [9, 0, 9.25, 0.375], "texture": "#2"},
				"south": {"uv": [8, 1, 8.5, 1.375], "texture": "#2"},
				"west": {"uv": [0.25, 9, 0.5, 9.375], "texture": "#2"},
				"up": {"uv": [7.5, 9, 7, 8.75], "texture": "#2"},
				"down": {"uv": [9.25, 7, 8.75, 7.25], "texture": "#2"}
			}
		},
		{
			"from": [7.5, 3, 3.2],
			"to": [8.5, 3.5, 3.7],
			"rotation": {"angle": 0, "axis": "y", "origin": [-1, 0, -3]},
			"faces": {
				"north": {"uv": [9.5, 7.25, 9.75, 7.375], "texture": "#2"},
				"east": {"uv": [9.75, 6.25, 9.875, 6.375], "texture": "#2"},
				"south": {"uv": [9.5, 7.5, 9.75, 7.625], "texture": "#2"},
				"west": {"uv": [6.5, 9.75, 6.625, 9.875], "texture": "#2"},
				"up": {"uv": [8, 9.625, 7.75, 9.5], "texture": "#2"},
				"down": {"uv": [9.75, 7.75, 9.5, 7.875], "texture": "#2"}
			}
		},
		{
			"from": [7, 1.5, 3.7],
			"to": [7.5, 2, 4.2],
			"rotation": {"angle": 0, "axis": "y", "origin": [-1, 0, -3]},
			"faces": {
				"north": {"uv": [9.75, 0, 9.875, 0.125], "texture": "#2"},
				"east": {"uv": [0.25, 9.75, 0.375, 9.875], "texture": "#2"},
				"south": {"uv": [9.75, 0.25, 9.875, 0.375], "texture": "#2"},
				"west": {"uv": [0.5, 9.75, 0.625, 9.875], "texture": "#2"},
				"up": {"uv": [9.875, 0.625, 9.75, 0.5], "texture": "#2"},
				"down": {"uv": [0.875, 9.75, 0.75, 9.875], "texture": "#2"}
			}
		},
		{
			"from": [8.5, 1.5, 3.7],
			"to": [9, 2, 4.2],
			"rotation": {"angle": 0, "axis": "y", "origin": [-1, 0, -3]},
			"faces": {
				"north": {"uv": [9.75, 0.75, 9.875, 0.875], "texture": "#2"},
				"east": {"uv": [1, 9.75, 1.125, 9.875], "texture": "#2"},
				"south": {"uv": [9.75, 1, 9.875, 1.125], "texture": "#2"},
				"west": {"uv": [1.25, 9.75, 1.375, 9.875], "texture": "#2"},
				"up": {"uv": [9.875, 1.375, 9.75, 1.25], "texture": "#2"},
				"down": {"uv": [1.625, 9.75, 1.5, 9.875], "texture": "#2"}
			}
		},
		{
			"from": [5, 1.7, 4.2],
			"to": [5.5, 2, 4.7],
			"rotation": {"angle": 0, "axis": "y", "origin": [-1, 0, -3]},
			"faces": {
				"north": {"uv": [9.75, 1.5, 9.875, 1.625], "texture": "#2"},
				"east": {"uv": [1.75, 9.75, 1.875, 9.875], "texture": "#2"},
				"south": {"uv": [9.75, 1.75, 9.875, 1.875], "texture": "#2"},
				"west": {"uv": [2, 9.75, 2.125, 9.875], "texture": "#2"},
				"up": {"uv": [9.875, 2.125, 9.75, 2], "texture": "#2"},
				"down": {"uv": [2.375, 9.75, 2.25, 9.875], "texture": "#2"}
			}
		},
		{
			"from": [10.5, 1.7, 4.2],
			"to": [11, 2, 4.7],
			"rotation": {"angle": 0, "axis": "y", "origin": [-1, 0, -3]},
			"faces": {
				"north": {"uv": [9.75, 2.25, 9.875, 2.375], "texture": "#2"},
				"east": {"uv": [2.5, 9.75, 2.625, 9.875], "texture": "#2"},
				"south": {"uv": [9.75, 2.5, 9.875, 2.625], "texture": "#2"},
				"west": {"uv": [2.75, 9.75, 2.875, 9.875], "texture": "#2"},
				"up": {"uv": [9.875, 2.875, 9.75, 2.75], "texture": "#2"},
				"down": {"uv": [3.125, 9.75, 3, 9.875], "texture": "#2"}
			}
		},
		{
			"from": [12, 1, 5.5],
			"to": [12.7, 4, 12],
			"rotation": {"angle": 0, "axis": "y", "origin": [-1, 0, -3]},
			"faces": {
				"north": {"uv": [8.25, 8.75, 8.375, 9.5], "texture": "#2"},
				"east": {"uv": [3.5, 1.5, 5.125, 2.25], "texture": "#2"},
				"south": {"uv": [8.5, 8.75, 8.625, 9.5], "texture": "#2"},
				"west": {"uv": [3.5, 2.25, 5.125, 3], "texture": "#2"},
				"up": {"uv": [2.625, 8.875, 2.5, 7.25], "texture": "#2"},
				"down": {"uv": [7.375, 4, 7.25, 5.625], "texture": "#2"}
			}
		},
		{
			"from": [12, 4, 6],
			"to": [12.5, 6.5, 11.5],
			"rotation": {"angle": 0, "axis": "y", "origin": [-1, 0, -3]},
			"faces": {
				"north": {"uv": [0.75, 9, 0.875, 9.625], "texture": "#2"},
				"east": {"uv": [5.5, 0, 6.875, 0.625], "texture": "#2"},
				"south": {"uv": [1, 9, 1.125, 9.625], "texture": "#2"},
				"west": {"uv": [5.5, 0.75, 6.875, 1.375], "texture": "#2"},
				"up": {"uv": [7.125, 8.625, 7, 7.25], "texture": "#2"},
				"down": {"uv": [6.625, 7.75, 6.5, 9.125], "texture": "#2"}
			}
		},
		{
			"from": [3.5, 4, 6],
			"to": [4, 6.5, 11.5],
			"rotation": {"angle": 0, "axis": "y", "origin": [-1, 0, -3]},
			"faces": {
				"north": {"uv": [1.25, 9, 1.375, 9.625], "texture": "#2"},
				"east": {"uv": [1.5, 5.5, 2.875, 6.125], "texture": "#2"},
				"south": {"uv": [1.5, 9, 1.625, 9.625], "texture": "#2"},
				"west": {"uv": [5.5, 3, 6.875, 3.625], "texture": "#2"},
				"up": {"uv": [3.625, 9.375, 3.5, 8], "texture": "#2"},
				"down": {"uv": [3.875, 8, 3.75, 9.375], "texture": "#2"}
			}
		},
		{
			"from": [3.3, 1, 5.5],
			"to": [4, 4, 12],
			"rotation": {"angle": 0, "axis": "y", "origin": [-1, 0, -3]},
			"faces": {
				"north": {"uv": [8.75, 8.75, 8.875, 9.5], "texture": "#2"},
				"east": {"uv": [0, 3.75, 1.625, 4.5], "texture": "#2"},
				"south": {"uv": [0, 9, 0.125, 9.75], "texture": "#2"},
				"west": {"uv": [1.75, 3.75, 3.375, 4.5], "texture": "#2"},
				"up": {"uv": [7.375, 8.125, 7.25, 6.5], "texture": "#2"},
				"down": {"uv": [6.875, 7.25, 6.75, 8.875], "texture": "#2"}
			}
		},
		{
			"from": [6.8, 1.5, 4.5],
			"to": [6.8, 5.5, 8.5],
			"rotation": {"angle": -22.5, "axis": "y", "origin": [-1, 0, -3]},
			"faces": {
				"north": {"uv": [0, 0, 0, 1], "texture": "#2"},
				"east": {"uv": [3.5, 3.75, 4.5, 4.75], "texture": "#2"},
				"south": {"uv": [0, 0, 0, 1], "texture": "#2"},
				"west": {"uv": [0, 4.5, 1, 5.5], "texture": "#2"},
				"up": {"uv": [0, 1, 0, 0], "texture": "#2"},
				"down": {"uv": [0, 0, 0, 1], "texture": "#2"}
			}
		},
		{
			"from": [7.8, 1.5, 11.5],
			"to": [7.8, 5.5, 15.5],
			"rotation": {"angle": 22.5, "axis": "y", "origin": [-1, 0, -3]},
			"faces": {
				"north": {"uv": [0, 0, 0, 1], "texture": "#2"},
				"east": {"uv": [1, 4.5, 2, 5.5], "texture": "#2"},
				"south": {"uv": [0, 0, 0, 1], "texture": "#2"},
				"west": {"uv": [2, 4.5, 3, 5.5], "texture": "#2"},
				"up": {"uv": [0, 1, 0, 0], "texture": "#2"},
				"down": {"uv": [0, 0, 0, 1], "texture": "#2"}
			}
		},
		{
			"from": [5, 4, 12],
			"to": [11, 6.5, 13],
			"rotation": {"angle": 0, "axis": "y", "origin": [-1, 0, -3]},
			"faces": {
				"north": {"uv": [5, 5, 6.5, 5.625], "texture": "#2"},
				"east": {"uv": [6, 8, 6.25, 8.625], "texture": "#2"},
				"south": {"uv": [5.25, 1.5, 6.75, 2.125], "texture": "#2"},
				"west": {"uv": [6.25, 8, 6.5, 8.625], "texture": "#2"},
				"up": {"uv": [8.25, 2.25, 6.75, 2], "texture": "#2"},
				"down": {"uv": [8.25, 2.25, 6.75, 2.5], "texture": "#2"}
			}
		},
		{
			"from": [7, 6.5, 12],
			"to": [9, 7, 13],
			"rotation": {"angle": 0, "axis": "y", "origin": [-1, 0, -3]},
			"faces": {
				"north": {"uv": [9, 8.75, 9.5, 8.875], "texture": "#2"},
				"east": {"uv": [9.5, 3, 9.75, 3.125], "texture": "#2"},
				"south": {"uv": [9, 9, 9.5, 9.125], "texture": "#2"},
				"west": {"uv": [3.25, 9.5, 3.5, 9.625], "texture": "#2"},
				"up": {"uv": [3.25, 9, 2.75, 8.75], "texture": "#2"},
				"down": {"uv": [9.25, 2.75, 8.75, 3], "texture": "#2"}
			}
		},
		{
			"from": [5, 1.5, 12],
			"to": [11, 4, 13],
			"rotation": {"angle": 0, "axis": "y", "origin": [-1, 0, -3]},
			"faces": {
				"north": {"uv": [5.25, 2.25, 6.75, 2.875], "texture": "#2"},
				"east": {"uv": [8, 6.5, 8.25, 7.125], "texture": "#2"},
				"south": {"uv": [0, 5.5, 1.5, 6.125], "texture": "#2"},
				"west": {"uv": [8, 7.25, 8.25, 7.875], "texture": "#2"},
				"up": {"uv": [8.25, 2.75, 6.75, 2.5], "texture": "#2"},
				"down": {"uv": [8.25, 2.75, 6.75, 3], "texture": "#2"}
			}
		},
		{
			"from": [5.5, 1, 13],
			"to": [10.5, 6, 13.5],
			"rotation": {"angle": 0, "axis": "y", "origin": [-1, 0, -3]},
			"faces": {
				"north": {"uv": [0, 0, 1.25, 1.25], "texture": "#2"},
				"east": {"uv": [7.5, 8, 7.625, 9.25], "texture": "#2"},
				"south": {"uv": [0, 1.25, 1.25, 2.5], "texture": "#2"},
				"west": {"uv": [7.75, 8, 7.875, 9.25], "texture": "#2"},
				"up": {"uv": [8.75, 5.625, 7.5, 5.5], "texture": "#2"},
				"down": {"uv": [9.25, 3, 8, 3.125], "texture": "#2"}
			}
		},
		{
			"from": [3.7, 7, 6],
			"to": [5.7, 10, 8.1],
			"rotation": {"angle": 22.5, "axis": "z", "origin": [6, 7.5, 7]},
			"faces": {
				"north": {"uv": [4, 3, 4.5, 3.75], "texture": "#2"},
				"east": {"uv": [3.5, 6.75, 4, 7.5], "texture": "#2"},
				"south": {"uv": [6.75, 3.75, 7.25, 4.5], "texture": "#2"},
				"west": {"uv": [4, 6.75, 4.5, 7.5], "texture": "#2"},
				"up": {"uv": [7.5, 1.5, 7, 1], "texture": "#2"},
				"down": {"uv": [7.5, 3, 7, 3.5], "texture": "#2"}
			}
		},
		{
			"from": [3.2, 8.9, 6.3],
			"to": [4.6, 10.9, 7.8],
			"rotation": {"angle": 0, "axis": "z", "origin": [6, 7.5, 7]},
			"faces": {
				"north": {"uv": [0, 7.5, 0.375, 8], "texture": "#2"},
				"east": {"uv": [7.5, 1, 7.875, 1.5], "texture": "#2"},
				"south": {"uv": [7.5, 3, 7.875, 3.5], "texture": "#2"},
				"west": {"uv": [3.5, 7.5, 3.875, 8], "texture": "#2"},
				"up": {"uv": [8.375, 8.375, 8, 8], "texture": "#2"},
				"down": {"uv": [2.375, 8.25, 2, 8.625], "texture": "#2"}
			}
		},
		{
			"from": [2.3, 9.6, 6.5],
			"to": [3.3, 11.6, 7.5],
			"rotation": {"angle": -22.5, "axis": "z", "origin": [6, 7.5, 7]},
			"faces": {
				"north": {"uv": [1.5, 8.5, 1.75, 9], "texture": "#2"},
				"east": {"uv": [3.25, 8.75, 3.5, 9.25], "texture": "#2"},
				"south": {"uv": [8.75, 3.25, 9, 3.75], "texture": "#2"},
				"west": {"uv": [8.75, 3.75, 9, 4.25], "texture": "#2"},
				"up": {"uv": [7.5, 9.25, 7.25, 9], "texture": "#2"},
				"down": {"uv": [9.5, 0, 9.25, 0.25], "texture": "#2"}
			}
		},
		{
			"from": [8.4, 11.7, 6.7],
			"to": [10.4, 12.3, 7.4],
			"rotation": {"angle": 45, "axis": "z", "origin": [6, 7.5, 7]},
			"faces": {
				"north": {"uv": [9.25, 0.25, 9.375, 0.75], "rotation": 270, "texture": "#2"},
				"east": {"uv": [9.875, 3.125, 9.75, 3], "rotation": 90, "texture": "#2"},
				"south": {"uv": [1.75, 9.25, 1.875, 9.75], "rotation": 90, "texture": "#2"},
				"west": {"uv": [3.375, 9.75, 3.25, 9.875], "rotation": 90, "texture": "#2"},
				"up": {"uv": [2, 9.25, 2.125, 9.75], "rotation": 90, "texture": "#2"},
				"down": {"uv": [9.25, 1.5, 9.375, 2], "rotation": 90, "texture": "#2"}
			}
		},
		{
			"from": [14.7, 9.9, 6.7],
			"to": [15.3, 11.9, 7.3],
			"rotation": {"angle": 45, "axis": "z", "origin": [10.5, 7.5, 7]},
			"faces": {
				"north": {"uv": [9.25, 2, 9.375, 2.5], "texture": "#2"},
				"east": {"uv": [2.25, 9.25, 2.375, 9.75], "texture": "#2"},
				"south": {"uv": [2.5, 9.25, 2.625, 9.75], "texture": "#2"},
				"west": {"uv": [9.25, 2.5, 9.375, 3], "texture": "#2"},
				"up": {"uv": [9.875, 3.375, 9.75, 3.25], "texture": "#2"},
				"down": {"uv": [3.625, 9.75, 3.5, 9.875], "texture": "#2"}
			}
		},
		{
			"from": [13.2, 9.6, 6.5],
			"to": [14.2, 11.6, 7.5],
			"rotation": {"angle": 22.5, "axis": "z", "origin": [10.5, 7.5, 7]},
			"faces": {
				"north": {"uv": [4, 8.75, 4.25, 9.25], "texture": "#2"},
				"east": {"uv": [4.25, 8.75, 4.5, 9.25], "texture": "#2"},
				"south": {"uv": [8.75, 4.25, 9, 4.75], "texture": "#2"},
				"west": {"uv": [8.75, 4.75, 9, 5.25], "texture": "#2"},
				"up": {"uv": [9.5, 1, 9.25, 0.75], "texture": "#2"},
				"down": {"uv": [3, 9.25, 2.75, 9.5], "texture": "#2"}
			}
		},
		{
			"from": [11.9, 8.9, 6.3],
			"to": [13.3, 10.9, 7.7],
			"rotation": {"angle": 0, "axis": "y", "origin": [10.5, 7.5, 7]},
			"faces": {
				"north": {"uv": [4, 7.5, 4.375, 8], "texture": "#2"},
				"east": {"uv": [7.5, 4, 7.875, 4.5], "texture": "#2"},
				"south": {"uv": [7.5, 4.5, 7.875, 5], "texture": "#2"},
				"west": {"uv": [5, 7.5, 5.375, 8], "texture": "#2"},
				"up": {"uv": [8.625, 2.375, 8.25, 2], "texture": "#2"},
				"down": {"uv": [8.625, 2.5, 8.25, 2.875], "texture": "#2"}
			}
		},
		{
			"from": [10.8, 7, 6],
			"to": [12.8, 10, 8],
			"rotation": {"angle": -22.5, "axis": "z", "origin": [10.5, 7.5, 7]},
			"faces": {
				"north": {"uv": [6.75, 4.5, 7.25, 5.25], "texture": "#2"},
				"east": {"uv": [5, 6.75, 5.5, 7.5], "texture": "#2"},
				"south": {"uv": [5.5, 6.75, 6, 7.5], "texture": "#2"},
				"west": {"uv": [6, 6.75, 6.5, 7.5], "texture": "#2"},
				"up": {"uv": [2.5, 7.75, 2, 7.25], "texture": "#2"},
				"down": {"uv": [7.75, 3.5, 7.25, 4], "texture": "#2"}
			}
		},
		{
			"from": [1.6, 6.9, 6.5],
			"to": [2.6, 8.9, 7.5],
			"rotation": {"angle": 45, "axis": "z", "origin": [3.8, 6.5, 7]},
			"faces": {
				"north": {"uv": [5, 8.75, 5.25, 9.25], "texture": "#2"},
				"east": {"uv": [5.25, 8.75, 5.5, 9.25], "texture": "#2"},
				"south": {"uv": [8.75, 5.25, 9, 5.75], "texture": "#2"},
				"west": {"uv": [5.5, 8.75, 5.75, 9.25], "texture": "#2"},
				"up": {"uv": [3.25, 9.5, 3, 9.25], "texture": "#2"},
				"down": {"uv": [9.5, 3, 9.25, 3.25], "texture": "#2"}
			}
		},
		{
			"from": [2.3, 4.5, 6.3],
			"to": [4.3, 5.9, 7.7],
			"rotation": {"angle": -22.5, "axis": "z", "origin": [3.8, 6.5, 7]},
			"faces": {
				"north": {"uv": [7.5, 5, 8, 5.375], "texture": "#2"},
				"east": {"uv": [8.25, 3.25, 8.625, 3.625], "texture": "#2"},
				"south": {"uv": [5.5, 7.5, 6, 7.875], "texture": "#2"},
				"west": {"uv": [8.25, 3.75, 8.625, 4.125], "texture": "#2"},
				"up": {"uv": [6.5, 7.875, 6, 7.5], "texture": "#2"},
				"down": {"uv": [8, 6.5, 7.5, 6.875], "texture": "#2"}
			}
		},
		{
			"from": [1, 7.9, 6.7],
			"to": [1.6, 9.4, 7.3],
			"rotation": {"angle": 22.5, "axis": "z", "origin": [3.8, 6.5, 7]},
			"faces": {
				"north": {"uv": [9.25, 5.5, 9.375, 5.875], "texture": "#2"},
				"east": {"uv": [5.75, 9.25, 5.875, 9.625], "texture": "#2"},
				"south": {"uv": [6, 9.25, 6.125, 9.625], "texture": "#2"},
				"west": {"uv": [9.25, 6, 9.375, 6.375], "texture": "#2"},
				"up": {"uv": [9.875, 3.625, 9.75, 3.5], "texture": "#2"},
				"down": {"uv": [3.875, 9.75, 3.75, 9.875], "texture": "#2"}
			}
		},
		{
			"from": [14.4, 7.9, 6.7],
			"to": [15, 9.4, 7.3],
			"rotation": {"angle": -22.5, "axis": "z", "origin": [12.2, 6.5, 7]},
			"faces": {
				"north": {"uv": [6.25, 9.25, 6.375, 9.625], "texture": "#2"},
				"east": {"uv": [6.5, 9.25, 6.625, 9.625], "texture": "#2"},
				"south": {"uv": [6.75, 9.25, 6.875, 9.625], "texture": "#2"},
				"west": {"uv": [7, 9.25, 7.125, 9.625], "texture": "#2"},
				"up": {"uv": [9.875, 3.875, 9.75, 3.75], "texture": "#2"},
				"down": {"uv": [4.125, 9.75, 4, 9.875], "texture": "#2"}
			}
		},
		{
			"from": [13.4, 6.9, 6.5],
			"to": [14.4, 8.9, 7.5],
			"rotation": {"angle": -45, "axis": "z", "origin": [12.2, 6.5, 7]},
			"faces": {
				"north": {"uv": [5.75, 8.75, 6, 9.25], "texture": "#2"},
				"east": {"uv": [6, 8.75, 6.25, 9.25], "texture": "#2"},
				"south": {"uv": [6.25, 8.75, 6.5, 9.25], "texture": "#2"},
				"west": {"uv": [8.75, 6.5, 9, 7], "texture": "#2"},
				"up": {"uv": [3.5, 9.5, 3.25, 9.25], "texture": "#2"},
				"down": {"uv": [4.25, 9.25, 4, 9.5], "texture": "#2"}
			}
		},
		{
			"from": [11.7, 4.5, 6.3],
			"to": [13.7, 5.9, 7.7],
			"rotation": {"angle": 22.5, "axis": "z", "origin": [12.2, 6.5, 7]},
			"faces": {
				"north": {"uv": [7.5, 7, 8, 7.375], "texture": "#2"},
				"east": {"uv": [8.25, 4.25, 8.625, 4.625], "texture": "#2"},
				"south": {"uv": [7.5, 7.5, 8, 7.875], "texture": "#2"},
				"west": {"uv": [8.25, 4.75, 8.625, 5.125], "texture": "#2"},
				"up": {"uv": [2.5, 8.125, 2, 7.75], "texture": "#2"},
				"down": {"uv": [8.25, 3.5, 7.75, 3.875], "texture": "#2"}
			}
		},
		{
			"from": [6.5, 10.3, 7],
			"to": [9.5, 13.3, 7],
			"rotation": {"angle": 0, "axis": "y", "origin": [6, 7.5, 9]},
			"faces": {
				"north": {"uv": [5.5, 3.75, 6.25, 4.5], "texture": "#2"},
				"east": {"uv": [0, 0, 0, 0.75], "texture": "#2"},
				"south": {"uv": [5, 5.75, 5.75, 6.5], "texture": "#2"},
				"west": {"uv": [0, 0, 0, 0.75], "texture": "#2"},
				"up": {"uv": [0.75, 0, 0, 0], "texture": "#2"},
				"down": {"uv": [0.75, 0, 0, 0], "texture": "#2"}
			}
		},
		{
			"from": [8, 10.3, 5.5],
			"to": [8, 13.3, 8.5],
			"rotation": {"angle": 0, "axis": "y", "origin": [6, 7.5, 9]},
			"faces": {
				"north": {"uv": [0, 0, 0, 0.75], "texture": "#2"},
				"east": {"uv": [5.75, 5.75, 6.5, 6.5], "texture": "#2"},
				"south": {"uv": [0, 0, 0, 0.75], "texture": "#2"},
				"west": {"uv": [0, 6.25, 0.75, 7], "texture": "#2"},
				"up": {"uv": [0, 0.75, 0, 0], "texture": "#2"},
				"down": {"uv": [0, 0, 0, 0.75], "texture": "#2"}
			}
		},
		{
			"from": [7.5, 8, 5.5],
			"to": [8.5, 9, 6],
			"rotation": {"angle": 0, "axis": "y", "origin": [-1, 0, -3]},
			"faces": {
				"north": {"uv": [4.25, 9.25, 4.5, 9.5], "texture": "#2"},
				"east": {"uv": [9.5, 3.25, 9.625, 3.5], "texture": "#2"},
				"south": {"uv": [4.5, 9.25, 4.75, 9.5], "texture": "#2"},
				"west": {"uv": [3.5, 9.5, 3.625, 9.75], "texture": "#2"},
				"up": {"uv": [9.75, 3.625, 9.5, 3.5], "texture": "#2"},
				"down": {"uv": [4, 9.5, 3.75, 9.625], "texture": "#2"}
			}
		},
		{
			"from": [7.7, 9, 5.5],
			"to": [8.3, 9.8, 6],
			"rotation": {"angle": 0, "axis": "y", "origin": [-1, 0, -3]},
			"faces": {
				"north": {"uv": [9.5, 3.75, 9.625, 4], "texture": "#2"},
				"east": {"uv": [4, 9.5, 4.125, 9.75], "texture": "#2"},
				"south": {"uv": [9.5, 4, 9.625, 4.25], "texture": "#2"},
				"west": {"uv": [4.25, 9.5, 4.375, 9.75], "texture": "#2"},
				"up": {"uv": [9.875, 4.125, 9.75, 4], "texture": "#2"},
				"down": {"uv": [4.375, 9.75, 4.25, 9.875], "texture": "#2"}
			}
		},
		{
			"from": [7.5, 11.5, 4],
			"to": [8.5, 12.5, 4.5],
			"rotation": {"angle": 22.5, "axis": "x", "origin": [-1, 0, -3]},
			"faces": {
				"north": {"uv": [4.75, 9.25, 5, 9.5], "texture": "#2"},
				"east": {"uv": [9.5, 4.25, 9.625, 4.5], "texture": "#2"},
				"south": {"uv": [9.25, 4.75, 9.5, 5], "texture": "#2"},
				"west": {"uv": [4.5, 9.5, 4.625, 9.75], "texture": "#2"},
				"up": {"uv": [9.75, 4.625, 9.5, 4.5], "texture": "#2"},
				"down": {"uv": [5, 9.5, 4.75, 9.625], "texture": "#2"}
			}
		},
		{
			"from": [7.7, 12.5, 4],
			"to": [8.3, 13.3, 4.5],
			"rotation": {"angle": 22.5, "axis": "x", "origin": [-1, 0, -3]},
			"faces": {
				"north": {"uv": [9.5, 4.75, 9.625, 5], "texture": "#2"},
				"east": {"uv": [5, 9.5, 5.125, 9.75], "texture": "#2"},
				"south": {"uv": [9.5, 5, 9.625, 5.25], "texture": "#2"},
				"west": {"uv": [5.25, 9.5, 5.375, 9.75], "texture": "#2"},
				"up": {"uv": [9.875, 4.375, 9.75, 4.25], "texture": "#2"},
				"down": {"uv": [4.625, 9.75, 4.5, 9.875], "texture": "#2"}
			}
		},
		{
			"from": [7.5, 15.5, 1.2],
			"to": [8.5, 16.5, 1.7],
			"rotation": {"angle": 45, "axis": "x", "origin": [-1, 0, -3]},
			"faces": {
				"north": {"uv": [5, 9.25, 5.25, 9.5], "texture": "#2"},
				"east": {"uv": [5.5, 9.5, 5.625, 9.75], "texture": "#2"},
				"south": {"uv": [9.25, 5, 9.5, 5.25], "texture": "#2"},
				"west": {"uv": [9.5, 5.5, 9.625, 5.75], "texture": "#2"},
				"up": {"uv": [9.75, 5.875, 9.5, 5.75], "texture": "#2"},
				"down": {"uv": [9.75, 6, 9.5, 6.125], "texture": "#2"}
			}
		},
		{
			"from": [7.7, 16.5, 1.2],
			"to": [8.3, 17.3, 1.7],
			"rotation": {"angle": 45, "axis": "x", "origin": [-1, 0, -3]},
			"faces": {
				"north": {"uv": [9.5, 6.25, 9.625, 6.5], "texture": "#2"},
				"east": {"uv": [9.5, 6.5, 9.625, 6.75], "texture": "#2"},
				"south": {"uv": [9.5, 6.75, 9.625, 7], "texture": "#2"},
				"west": {"uv": [9.5, 7, 9.625, 7.25], "texture": "#2"},
				"up": {"uv": [9.875, 4.625, 9.75, 4.5], "texture": "#2"},
				"down": {"uv": [4.875, 9.75, 4.75, 9.875], "texture": "#2"}
			}
		}
	],
	"display": {
		"thirdperson_righthand": {
			"translation": [0, 2.75, 0],
			"scale": [0.5, 0.5, 0.5]
		},
		"thirdperson_lefthand": {
			"translation": [0, 2.75, 0],
			"scale": [0.5, 0.5, 0.5]
		},
		"firstperson_righthand": {
			"translation": [0, 7, 0]
		},
		"firstperson_lefthand": {
			"translation": [0, 7, 0]
		},
		"ground": {
			"translation": [0, 4.75, 0]
		},
		"gui": {
			"rotation": [0, -180, 0],
			"translation": [0, 0.75, 0]
		},
		"head": {
			"translation": [0, 8.75, -1.5],
			"scale": [2, 2, 1.95]
		}
	},
	"groups": [
		{
			"name": "group",
			"origin": [0, 0, 0],
			"color": 0,
			"children": [
				0,
				1,
				2,
				3,
				4,
				5,
				6,
				7,
				8,
				9,
				10,
				11,
				12,
				13,
				14,
				15,
				16,
				17,
				18,
				19,
				20,
				21,
				22,
				23,
				24,
				25,
				26,
				27,
				28,
				29,
				30,
				31,
				32,
				33,
				34,
				35,
				36,
				37,
				38,
				39,
				40,
				41,
				42,
				43,
				44,
				45,
				46,
				47,
				48,
				49,
				50,
				51,
				52,
				53,
				54,
				55,
				56,
				57,
				58,
				59,
				60,
				61,
				62,
				63
			]
		}
	]
}