{
	"credit": "Made with Blockbench",
	"texture_size": [64, 64],
	"textures": {
		"1": "Goathorns"
	},
	"elements": [
		{
			"from": [-5.5, 19.5, 0],
			"to": [-1.5, 23.5, 4],
			"faces": {
				"north": {"uv": [0, 0, 1, 1], "texture": "#1"},
				"east": {"uv": [0, 1, 1, 2], "texture": "#1"},
				"south": {"uv": [1, 0, 2, 1], "texture": "#1"},
				"west": {"uv": [1, 1, 2, 2], "texture": "#1"},
				"up": {"uv": [1, 3, 0, 2], "texture": "#1"},
				"down": {"uv": [3, 0, 2, 1], "texture": "#1"}
			}
		},
		{
			"from": [-5.5, 17.5, -2],
			"to": [-1.5, 19.5, 2],
			"faces": {
				"north": {"uv": [8.5, 2.75, 9.5, 3.25], "texture": "#1"},
				"east": {"uv": [8.5, 6, 9.5, 6.5], "texture": "#1"},
				"south": {"uv": [0, 8.75, 1, 9.25], "texture": "#1"},
				"west": {"uv": [8.75, 0, 9.75, 0.5], "texture": "#1"},
				"up": {"uv": [3, 5, 2, 4], "texture": "#1"},
				"down": {"uv": [5, 2, 4, 3], "texture": "#1"}
			}
		},
		{
			"from": [-5.5, 19.5, -2],
			"to": [-1.5, 21.5, 0],
			"faces": {
				"north": {"uv": [8.75, 1.25, 9.75, 1.75], "texture": "#1"},
				"east": {"uv": [10, 2.25, 10.5, 2.75], "texture": "#1"},
				"south": {"uv": [8.75, 1.75, 9.75, 2.25], "texture": "#1"},
				"west": {"uv": [10, 2.75, 10.5, 3.25], "texture": "#1"},
				"up": {"uv": [3.5, 9.25, 2.5, 8.75], "texture": "#1"},
				"down": {"uv": [4.5, 8.75, 3.5, 9.25], "texture": "#1"}
			}
		},
		{
			"from": [-6, 20.5, 4],
			"to": [-2, 24.5, 8],
			"faces": {
				"north": {"uv": [1, 2, 2, 3], "texture": "#1"},
				"east": {"uv": [2, 1, 3, 2], "texture": "#1"},
				"south": {"uv": [2, 2, 3, 3], "texture": "#1"},
				"west": {"uv": [0, 3, 1, 4], "texture": "#1"},
				"up": {"uv": [4, 1, 3, 0], "texture": "#1"},
				"down": {"uv": [2, 3, 1, 4], "texture": "#1"}
			}
		},
		{
			"from": [-6.5, 20, 8],
			"to": [-2.5, 24, 12],
			"faces": {
				"north": {"uv": [3, 1, 4, 2], "texture": "#1"},
				"east": {"uv": [2, 3, 3, 4], "texture": "#1"},
				"south": {"uv": [3, 2, 4, 3], "texture": "#1"},
				"west": {"uv": [3, 3, 4, 4], "texture": "#1"},
				"up": {"uv": [1, 5, 0, 4], "texture": "#1"},
				"down": {"uv": [5, 0, 4, 1], "texture": "#1"}
			}
		},
		{
			"from": [-7, 18, 10],
			"to": [-3, 20, 14],
			"faces": {
				"north": {"uv": [8.25, 4, 9.25, 4.5], "texture": "#1"},
				"east": {"uv": [8.25, 4.5, 9.25, 5], "texture": "#1"},
				"south": {"uv": [8.25, 5, 9.25, 5.5], "texture": "#1"},
				"west": {"uv": [8.25, 5.5, 9.25, 6], "texture": "#1"},
				"up": {"uv": [2, 5, 1, 4], "texture": "#1"},
				"down": {"uv": [5, 1, 4, 2], "texture": "#1"}
			}
		},
		{
			"from": [-7, 20, 12],
			"to": [-3, 22, 14],
			"faces": {
				"north": {"uv": [7.75, 8.25, 8.75, 8.75], "texture": "#1"},
				"east": {"uv": [7, 3.5, 7.5, 4], "texture": "#1"},
				"south": {"uv": [8.5, 0.75, 9.5, 1.25], "texture": "#1"},
				"west": {"uv": [8, 9.75, 8.5, 10.25], "texture": "#1"},
				"up": {"uv": [2.5, 9, 1.5, 8.5], "texture": "#1"},
				"down": {"uv": [9.5, 2.25, 8.5, 2.75], "texture": "#1"}
			}
		},
		{
			"from": [-7.5, 14, 12],
			"to": [-4.5, 18, 15],
			"faces": {
				"north": {"uv": [4, 6, 4.75, 7], "texture": "#1"},
				"east": {"uv": [6, 4, 6.75, 5], "texture": "#1"},
				"south": {"uv": [4.75, 6, 5.5, 7], "texture": "#1"},
				"west": {"uv": [6, 5, 6.75, 6], "texture": "#1"},
				"up": {"uv": [8.25, 5.25, 7.5, 4.5], "texture": "#1"},
				"down": {"uv": [8.25, 5.25, 7.5, 6], "texture": "#1"}
			}
		},
		{
			"from": [-8, 10, 11],
			"to": [-5, 14, 14],
			"faces": {
				"north": {"uv": [5.5, 6, 6.25, 7], "texture": "#1"},
				"east": {"uv": [6.25, 6, 7, 7], "texture": "#1"},
				"south": {"uv": [6.75, 4, 7.5, 5], "texture": "#1"},
				"west": {"uv": [6.75, 5, 7.5, 6], "texture": "#1"},
				"up": {"uv": [0.75, 8.5, 0, 7.75], "texture": "#1"},
				"down": {"uv": [8.5, 0.75, 7.75, 1.5], "texture": "#1"}
			}
		},
		{
			"from": [-9, 7, 5],
			"to": [-6, 10, 9],
			"faces": {
				"north": {"uv": [7.75, 6, 8.5, 6.75], "texture": "#1"},
				"east": {"uv": [0, 7, 1, 7.75], "texture": "#1"},
				"south": {"uv": [8, 0, 8.75, 0.75], "texture": "#1"},
				"west": {"uv": [7, 0, 8, 0.75], "texture": "#1"},
				"up": {"uv": [7.75, 1.75, 7, 0.75], "texture": "#1"},
				"down": {"uv": [1.75, 7, 1, 8], "texture": "#1"}
			}
		},
		{
			"from": [-8.5, 8, 2],
			"to": [-6.5, 11, 5],
			"faces": {
				"north": {"uv": [8.75, 9.25, 9.25, 10], "texture": "#1"},
				"east": {"uv": [0.75, 8, 1.5, 8.75], "texture": "#1"},
				"south": {"uv": [9.25, 9.25, 9.75, 10], "texture": "#1"},
				"west": {"uv": [8, 1.5, 8.75, 2.25], "texture": "#1"},
				"up": {"uv": [10, 1.25, 9.5, 0.5], "texture": "#1"},
				"down": {"uv": [1.5, 9.5, 1, 10.25], "texture": "#1"}
			}
		},
		{
			"from": [-8, 9.5, 1],
			"to": [-6, 11, 2],
			"faces": {
				"north": {"uv": [2, 10.25, 2.5, 10.625], "texture": "#1"},
				"east": {"uv": [1.5, 8, 1.75, 8.375], "texture": "#1"},
				"south": {"uv": [2.5, 10.25, 3, 10.625], "texture": "#1"},
				"west": {"uv": [0.75, 9.75, 1, 10.125], "texture": "#1"},
				"up": {"uv": [8.25, 3.5, 7.75, 3.25], "texture": "#1"},
				"down": {"uv": [8.5, 2.25, 8, 2.5], "texture": "#1"}
			}
		},
		{
			"from": [-8, 11, 1],
			"to": [-6, 12, 1.5],
			"faces": {
				"north": {"uv": [10, 9, 10.5, 9.25], "texture": "#1"},
				"east": {"uv": [7.75, 8, 7.875, 8.25], "texture": "#1"},
				"south": {"uv": [10.25, 3.75, 10.75, 4], "texture": "#1"},
				"west": {"uv": [0.5, 8.5, 0.625, 8.75], "texture": "#1"},
				"up": {"uv": [10.25, 10.375, 9.75, 10.25], "texture": "#1"},
				"down": {"uv": [10.75, 9.75, 10.25, 9.875], "texture": "#1"}
			}
		},
		{
			"from": [-7.5, 11, 1.5],
			"to": [-5.5, 13.4, 3.5],
			"faces": {
				"north": {"uv": [5, 9.75, 5.5, 10.375], "texture": "#1"},
				"east": {"uv": [5.5, 9.75, 6, 10.375], "texture": "#1"},
				"south": {"uv": [6, 9.75, 6.5, 10.375], "texture": "#1"},
				"west": {"uv": [6.5, 9.75, 7, 10.375], "texture": "#1"},
				"up": {"uv": [10.25, 10.25, 9.75, 9.75], "texture": "#1"},
				"down": {"uv": [10.5, 0.5, 10, 1], "texture": "#1"}
			}
		},
		{
			"from": [-7, 13.4, 2.5],
			"to": [-5, 14.4, 4.5],
			"faces": {
				"north": {"uv": [0, 8.5, 0.5, 8.75], "texture": "#1"},
				"east": {"uv": [8.75, 0.5, 9.25, 0.75], "texture": "#1"},
				"south": {"uv": [1, 8.75, 1.5, 9], "texture": "#1"},
				"west": {"uv": [8.75, 8.5, 9.25, 8.75], "texture": "#1"},
				"up": {"uv": [10.5, 3.75, 10, 3.25], "texture": "#1"},
				"down": {"uv": [10.5, 4.25, 10, 4.75], "texture": "#1"}
			}
		},
		{
			"from": [-7, 12.4, 3.5],
			"to": [-5, 13.4, 4.5],
			"faces": {
				"north": {"uv": [2, 9, 2.5, 9.25], "texture": "#1"},
				"east": {"uv": [0.75, 7.75, 1, 8], "texture": "#1"},
				"south": {"uv": [9.5, 3, 10, 3.25], "texture": "#1"},
				"west": {"uv": [7.75, 1.5, 8, 1.75], "texture": "#1"},
				"up": {"uv": [10.5, 1.25, 10, 1], "texture": "#1"},
				"down": {"uv": [10.5, 6.25, 10, 6.5], "texture": "#1"}
			}
		},
		{
			"from": [-8.5, 8, 9],
			"to": [-5.5, 10, 12],
			"faces": {
				"north": {"uv": [9.25, 4.25, 10, 4.75], "texture": "#1"},
				"east": {"uv": [9.25, 4.75, 10, 5.25], "texture": "#1"},
				"south": {"uv": [5, 9.25, 5.75, 9.75], "texture": "#1"},
				"west": {"uv": [9.25, 5.25, 10, 5.75], "texture": "#1"},
				"up": {"uv": [2.5, 8.5, 1.75, 7.75], "texture": "#1"},
				"down": {"uv": [8.5, 2.5, 7.75, 3.25], "texture": "#1"}
			}
		},
		{
			"from": [-8.5, 10, 9],
			"to": [-5.5, 12, 11],
			"faces": {
				"north": {"uv": [5.75, 9.25, 6.5, 9.75], "texture": "#1"},
				"east": {"uv": [9.75, 8, 10.25, 8.5], "texture": "#1"},
				"south": {"uv": [6.5, 9.25, 7.25, 9.75], "texture": "#1"},
				"west": {"uv": [9.75, 9.25, 10.25, 9.75], "texture": "#1"},
				"up": {"uv": [8, 9.75, 7.25, 9.25], "texture": "#1"},
				"down": {"uv": [8.75, 9.25, 8, 9.75], "texture": "#1"}
			}
		},
		{
			"from": [18, 19.5, 0],
			"to": [22, 23.5, 4],
			"rotation": {"angle": 0, "axis": "y", "origin": [16, 0, 0]},
			"faces": {
				"north": {"uv": [1, 6, 2, 7], "texture": "#1"},
				"east": {"uv": [6, 1, 7, 2], "texture": "#1"},
				"south": {"uv": [2, 6, 3, 7], "texture": "#1"},
				"west": {"uv": [6, 2, 7, 3], "texture": "#1"},
				"up": {"uv": [4, 7, 3, 6], "texture": "#1"},
				"down": {"uv": [7, 3, 6, 4], "texture": "#1"}
			}
		},
		{
			"from": [18.5, 20.5, 4],
			"to": [22.5, 24.5, 8],
			"rotation": {"angle": 0, "axis": "y", "origin": [16, 0, 0]},
			"faces": {
				"north": {"uv": [5, 3, 6, 4], "texture": "#1"},
				"east": {"uv": [4, 5, 5, 6], "texture": "#1"},
				"south": {"uv": [5, 4, 6, 5], "texture": "#1"},
				"west": {"uv": [5, 5, 6, 6], "texture": "#1"},
				"up": {"uv": [1, 7, 0, 6], "texture": "#1"},
				"down": {"uv": [7, 0, 6, 1], "texture": "#1"}
			}
		},
		{
			"from": [19, 20, 8],
			"to": [23, 24, 12],
			"rotation": {"angle": 0, "axis": "y", "origin": [16, 0, 0]},
			"faces": {
				"north": {"uv": [5, 0, 6, 1], "texture": "#1"},
				"east": {"uv": [1, 5, 2, 6], "texture": "#1"},
				"south": {"uv": [5, 1, 6, 2], "texture": "#1"},
				"west": {"uv": [2, 5, 3, 6], "texture": "#1"},
				"up": {"uv": [6, 3, 5, 2], "texture": "#1"},
				"down": {"uv": [4, 5, 3, 6], "texture": "#1"}
			}
		},
		{
			"from": [19.5, 18, 10],
			"to": [23.5, 20, 14],
			"rotation": {"angle": 0, "axis": "y", "origin": [16, 0, 0]},
			"faces": {
				"north": {"uv": [2, 9.25, 3, 9.75], "texture": "#1"},
				"east": {"uv": [3, 9.25, 4, 9.75], "texture": "#1"},
				"south": {"uv": [9.25, 3.75, 10.25, 4.25], "texture": "#1"},
				"west": {"uv": [4, 9.25, 5, 9.75], "texture": "#1"},
				"up": {"uv": [5, 5, 4, 4], "texture": "#1"},
				"down": {"uv": [1, 5, 0, 6], "texture": "#1"}
			}
		},
		{
			"from": [21, 14, 12],
			"to": [24, 18, 15],
			"rotation": {"angle": 0, "axis": "y", "origin": [16, 0, 0]},
			"faces": {
				"north": {"uv": [7, 6, 7.75, 7], "texture": "#1"},
				"east": {"uv": [6.5, 7, 7.25, 8], "texture": "#1"},
				"south": {"uv": [7.25, 7, 8, 8], "texture": "#1"},
				"west": {"uv": [7.5, 3.5, 8.25, 4.5], "texture": "#1"},
				"up": {"uv": [8.75, 8.25, 8, 7.5], "texture": "#1"},
				"down": {"uv": [9, 3.25, 8.25, 4], "texture": "#1"}
			}
		},
		{
			"from": [19.5, 20, 12],
			"to": [23.5, 22, 14],
			"rotation": {"angle": 0, "axis": "y", "origin": [16, 0, 0]},
			"faces": {
				"north": {"uv": [8.5, 8.75, 9.5, 9.25], "texture": "#1"},
				"east": {"uv": [1, 10.25, 1.5, 10.75], "texture": "#1"},
				"south": {"uv": [1, 9, 2, 9.5], "texture": "#1"},
				"west": {"uv": [1.5, 10.25, 2, 10.75], "texture": "#1"},
				"up": {"uv": [10, 3.75, 9, 3.25], "texture": "#1"},
				"down": {"uv": [1, 9.25, 0, 9.75], "texture": "#1"}
			}
		},
		{
			"from": [21.5, 10, 11],
			"to": [24.5, 14, 14],
			"rotation": {"angle": 0, "axis": "y", "origin": [16, 0, 0]},
			"faces": {
				"north": {"uv": [3.5, 7, 4.25, 8], "texture": "#1"},
				"east": {"uv": [4.25, 7, 5, 8], "texture": "#1"},
				"south": {"uv": [5, 7, 5.75, 8], "texture": "#1"},
				"west": {"uv": [5.75, 7, 6.5, 8], "texture": "#1"},
				"up": {"uv": [8.75, 7.5, 8, 6.75], "texture": "#1"},
				"down": {"uv": [7.75, 8, 7, 8.75], "texture": "#1"}
			}
		},
		{
			"from": [22, 8, 9],
			"to": [25, 10, 12],
			"rotation": {"angle": 0, "axis": "y", "origin": [16, 0, 0]},
			"faces": {
				"north": {"uv": [2, 9.75, 2.75, 10.25], "texture": "#1"},
				"east": {"uv": [2.75, 9.75, 3.5, 10.25], "texture": "#1"},
				"south": {"uv": [3.5, 9.75, 4.25, 10.25], "texture": "#1"},
				"west": {"uv": [4.25, 9.75, 5, 10.25], "texture": "#1"},
				"up": {"uv": [6.25, 8.75, 5.5, 8], "texture": "#1"},
				"down": {"uv": [7, 8, 6.25, 8.75], "texture": "#1"}
			}
		},
		{
			"from": [22, 10, 9],
			"to": [25, 12, 11],
			"rotation": {"angle": 0, "axis": "y", "origin": [16, 0, 0]},
			"faces": {
				"north": {"uv": [0, 9.75, 0.75, 10.25], "texture": "#1"},
				"east": {"uv": [0, 10.25, 0.5, 10.75], "texture": "#1"},
				"south": {"uv": [9.75, 0, 10.5, 0.5], "texture": "#1"},
				"west": {"uv": [0.5, 10.25, 1, 10.75], "texture": "#1"},
				"up": {"uv": [10.5, 1.75, 9.75, 1.25], "texture": "#1"},
				"down": {"uv": [10.5, 1.75, 9.75, 2.25], "texture": "#1"}
			}
		},
		{
			"from": [22.5, 7, 5],
			"to": [25.5, 10, 9],
			"rotation": {"angle": 0, "axis": "y", "origin": [16, 0, 0]},
			"faces": {
				"north": {"uv": [4, 8, 4.75, 8.75], "texture": "#1"},
				"east": {"uv": [1.75, 7, 2.75, 7.75], "texture": "#1"},
				"south": {"uv": [4.75, 8, 5.5, 8.75], "texture": "#1"},
				"west": {"uv": [7, 1.75, 8, 2.5], "texture": "#1"},
				"up": {"uv": [7.75, 3.5, 7, 2.5], "texture": "#1"},
				"down": {"uv": [3.5, 7, 2.75, 8], "texture": "#1"}
			}
		},
		{
			"from": [23, 8, 2],
			"to": [25, 11, 5],
			"rotation": {"angle": 0, "axis": "y", "origin": [16, 0, 0]},
			"faces": {
				"north": {"uv": [1.5, 9.5, 2, 10.25], "texture": "#1"},
				"east": {"uv": [2.5, 8, 3.25, 8.75], "texture": "#1"},
				"south": {"uv": [9.5, 2.25, 10, 3], "texture": "#1"},
				"west": {"uv": [3.25, 8, 4, 8.75], "texture": "#1"},
				"up": {"uv": [10, 6.5, 9.5, 5.75], "texture": "#1"},
				"down": {"uv": [10, 8.5, 9.5, 9.25], "texture": "#1"}
			}
		},
		{
			"from": [22, 11, 1.5],
			"to": [24, 13.4, 3.5],
			"rotation": {"angle": 0, "axis": "y", "origin": [16, 0, 0]},
			"faces": {
				"north": {"uv": [9.75, 6.5, 10.25, 7.125], "texture": "#1"},
				"east": {"uv": [7, 9.75, 7.5, 10.375], "texture": "#1"},
				"south": {"uv": [9.75, 7.25, 10.25, 7.875], "texture": "#1"},
				"west": {"uv": [7.5, 9.75, 8, 10.375], "texture": "#1"},
				"up": {"uv": [10.5, 9, 10, 8.5], "texture": "#1"},
				"down": {"uv": [9.5, 10, 9, 10.5], "texture": "#1"}
			}
		},
		{
			"from": [18, 17.5, -2],
			"to": [22, 19.5, 2],
			"rotation": {"angle": 0, "axis": "y", "origin": [16, 0, 0]},
			"faces": {
				"north": {"uv": [8.75, 7, 9.75, 7.5], "texture": "#1"},
				"east": {"uv": [7.5, 8.75, 8.5, 9.25], "texture": "#1"},
				"south": {"uv": [8.75, 7.5, 9.75, 8], "texture": "#1"},
				"west": {"uv": [8.75, 8, 9.75, 8.5], "texture": "#1"},
				"up": {"uv": [4, 5, 3, 4], "texture": "#1"},
				"down": {"uv": [5, 3, 4, 4], "texture": "#1"}
			}
		},
		{
			"from": [18, 19.5, -2],
			"to": [22, 21.5, 0],
			"rotation": {"angle": 0, "axis": "y", "origin": [16, 0, 0]},
			"faces": {
				"north": {"uv": [4.5, 8.75, 5.5, 9.25], "texture": "#1"},
				"east": {"uv": [10, 5.75, 10.5, 6.25], "texture": "#1"},
				"south": {"uv": [5.5, 8.75, 6.5, 9.25], "texture": "#1"},
				"west": {"uv": [8.5, 10, 9, 10.5], "texture": "#1"},
				"up": {"uv": [7.5, 9.25, 6.5, 8.75], "texture": "#1"},
				"down": {"uv": [9.75, 6.5, 8.75, 7], "texture": "#1"}
			}
		},
		{
			"from": [22.5, 9.5, 1],
			"to": [24.5, 11, 2],
			"rotation": {"angle": 0, "axis": "y", "origin": [16, 0, 0]},
			"faces": {
				"north": {"uv": [3, 10.25, 3.5, 10.625], "texture": "#1"},
				"east": {"uv": [9.5, 10, 9.75, 10.375], "texture": "#1"},
				"south": {"uv": [3.5, 10.25, 4, 10.625], "texture": "#1"},
				"west": {"uv": [10.25, 9.25, 10.5, 9.625], "texture": "#1"},
				"up": {"uv": [10.75, 8.25, 10.25, 8], "texture": "#1"},
				"down": {"uv": [10.75, 8.25, 10.25, 8.5], "texture": "#1"}
			}
		},
		{
			"from": [21.5, 13.4, 2.5],
			"to": [23.5, 14.4, 4.5],
			"rotation": {"angle": 0, "axis": "y", "origin": [16, 0, 0]},
			"faces": {
				"north": {"uv": [10.25, 7.25, 10.75, 7.5], "texture": "#1"},
				"east": {"uv": [10.25, 7.5, 10.75, 7.75], "texture": "#1"},
				"south": {"uv": [10.25, 7.75, 10.75, 8], "texture": "#1"},
				"west": {"uv": [8, 10.25, 8.5, 10.5], "texture": "#1"},
				"up": {"uv": [10.5, 5.25, 10, 4.75], "texture": "#1"},
				"down": {"uv": [10.5, 5.25, 10, 5.75], "texture": "#1"}
			}
		},
		{
			"from": [21.5, 12.4, 3.5],
			"to": [23.5, 13.4, 4.5],
			"rotation": {"angle": 0, "axis": "y", "origin": [16, 0, 0]},
			"faces": {
				"north": {"uv": [4.5, 10.25, 5, 10.5], "texture": "#1"},
				"east": {"uv": [2.5, 7.75, 2.75, 8], "texture": "#1"},
				"south": {"uv": [10.25, 6.5, 10.75, 6.75], "texture": "#1"},
				"west": {"uv": [7.75, 6.75, 8, 7], "texture": "#1"},
				"up": {"uv": [10.75, 7, 10.25, 6.75], "texture": "#1"},
				"down": {"uv": [10.75, 7, 10.25, 7.25], "texture": "#1"}
			}
		},
		{
			"from": [22.5, 11, 1],
			"to": [24.5, 12, 1.5],
			"rotation": {"angle": 0, "axis": "y", "origin": [16, 0, 0]},
			"faces": {
				"north": {"uv": [4, 10.25, 4.5, 10.5], "texture": "#1"},
				"east": {"uv": [8.5, 1.25, 8.625, 1.5], "texture": "#1"},
				"south": {"uv": [10.25, 4, 10.75, 4.25], "texture": "#1"},
				"west": {"uv": [8.5, 6.5, 8.625, 6.75], "texture": "#1"},
				"up": {"uv": [10.75, 10.125, 10.25, 10], "texture": "#1"},
				"down": {"uv": [10.75, 10.25, 10.25, 10.375], "texture": "#1"}
			}
		}
	],
	"display": {
		"head": {
			"translation": [-0.25, -3.5, 2],
			"scale": [0.65, 0.65, 0.65]
		}
	}
}