{
	"credit": "Made with Blockbench",
	"texture_size": [64, 64],
	"textures": {
		"0": "Duck_Hat",
		"particle": "Duck_Hat"
	},
	"elements": [
		{
			"from": [3, 1, 3],
			"to": [11, 3, 13],
			"faces": {
				"north": {"uv": [5.5, 1, 7.5, 1.5], "texture": "#0"},
				"east": {"uv": [5.5, 0, 8, 0.5], "texture": "#0"},
				"south": {"uv": [5.5, 1.5, 7.5, 2], "texture": "#0"},
				"west": {"uv": [5.5, 0.5, 8, 1], "texture": "#0"},
				"up": {"uv": [2, 2.5, 0, 0], "texture": "#0"},
				"down": {"uv": [4, 0, 2, 2.5], "texture": "#0"}
			}
		},
		{
			"from": [2.5, 1.5, 4],
			"to": [3, 2, 12],
			"faces": {
				"north": {"uv": [1.25, 9.75, 1.375, 9.875], "texture": "#0"},
				"east": {"uv": [8, 0, 10, 0.125], "texture": "#0"},
				"south": {"uv": [1.5, 9.75, 1.625, 9.875], "texture": "#0"},
				"west": {"uv": [8, 0.25, 10, 0.375], "texture": "#0"},
				"up": {"uv": [0.625, 9.75, 0.5, 7.75], "texture": "#0"},
				"down": {"uv": [0.875, 7.75, 0.75, 9.75], "texture": "#0"}
			}
		},
		{
			"from": [11, 1.5, 4],
			"to": [11.5, 2, 12],
			"faces": {
				"north": {"uv": [1.75, 9.75, 1.875, 9.875], "texture": "#0"},
				"east": {"uv": [8, 0.5, 10, 0.625], "texture": "#0"},
				"south": {"uv": [2, 9.75, 2.125, 9.875], "texture": "#0"},
				"west": {"uv": [8, 0.75, 10, 0.875], "texture": "#0"},
				"up": {"uv": [1.125, 9.75, 1, 7.75], "texture": "#0"},
				"down": {"uv": [1.375, 7.75, 1.25, 9.75], "texture": "#0"}
			}
		},
		{
			"from": [10, 0.5, 5],
			"to": [10.5, 1, 11],
			"faces": {
				"north": {"uv": [2.25, 9.75, 2.375, 9.875], "texture": "#0"},
				"east": {"uv": [8, 5.75, 9.5, 5.875], "texture": "#0"},
				"south": {"uv": [9.75, 2.25, 9.875, 2.375], "texture": "#0"},
				"west": {"uv": [6, 8, 7.5, 8.125], "texture": "#0"},
				"up": {"uv": [8.125, 7.5, 8, 6], "texture": "#0"},
				"down": {"uv": [7.625, 8, 7.5, 9.5], "texture": "#0"}
			}
		},
		{
			"from": [3.5, 0.5, 5],
			"to": [4, 1, 11],
			"faces": {
				"north": {"uv": [9.75, 2.5, 9.875, 2.625], "texture": "#0"},
				"east": {"uv": [8, 7.5, 9.5, 7.625], "texture": "#0"},
				"south": {"uv": [9.75, 2.75, 9.875, 2.875], "texture": "#0"},
				"west": {"uv": [7.75, 8, 9.25, 8.125], "texture": "#0"},
				"up": {"uv": [0.125, 9.75, 0, 8.25], "texture": "#0"},
				"down": {"uv": [0.375, 8.25, 0.25, 9.75], "texture": "#0"}
			}
		},
		{
			"from": [4, 0, 4],
			"to": [10, 1, 12],
			"faces": {
				"north": {"uv": [6, 6.75, 7.5, 7], "texture": "#0"},
				"east": {"uv": [6, 6.5, 8, 6.75], "texture": "#0"},
				"south": {"uv": [0, 7, 1.5, 7.25], "texture": "#0"},
				"west": {"uv": [1.5, 6.75, 3.5, 7], "texture": "#0"},
				"up": {"uv": [5.5, 2, 4, 0], "texture": "#0"},
				"down": {"uv": [5.5, 2, 4, 4], "texture": "#0"}
			}
		},
		{
			"from": [3, 3, 3],
			"to": [11, 4, 13],
			"faces": {
				"north": {"uv": [6, 4.5, 8, 4.75], "texture": "#0"},
				"east": {"uv": [5.5, 3, 8, 3.25], "texture": "#0"},
				"south": {"uv": [6, 4.75, 8, 5], "texture": "#0"},
				"west": {"uv": [5.5, 3.25, 8, 3.5], "texture": "#0"},
				"up": {"uv": [2, 5, 0, 2.5], "texture": "#0"},
				"down": {"uv": [4, 2.5, 2, 5], "texture": "#0"}
			}
		},
		{
			"from": [4, 4, 5],
			"to": [10, 4.5, 13],
			"faces": {
				"north": {"uv": [4.5, 7.75, 6, 7.875], "texture": "#0"},
				"east": {"uv": [6, 7.25, 8, 7.375], "texture": "#0"},
				"south": {"uv": [8, 1, 9.5, 1.125], "texture": "#0"},
				"west": {"uv": [0, 7.5, 2, 7.625], "texture": "#0"},
				"up": {"uv": [5.5, 6, 4, 4], "texture": "#0"},
				"down": {"uv": [1.5, 5, 0, 7], "texture": "#0"}
			}
		},
		{
			"from": [5, 4.5, 6],
			"to": [9, 5, 12],
			"faces": {
				"north": {"uv": [8.5, 8.5, 9.5, 8.625], "texture": "#0"},
				"east": {"uv": [8, 5.25, 9.5, 5.375], "texture": "#0"},
				"south": {"uv": [1.5, 8.75, 2.5, 8.875], "texture": "#0"},
				"west": {"uv": [8, 5.5, 9.5, 5.625], "texture": "#0"},
				"up": {"uv": [2.5, 6.5, 1.5, 5], "texture": "#0"},
				"down": {"uv": [3.5, 5, 2.5, 6.5], "texture": "#0"}
			}
		},
		{
			"from": [4, 4, 4],
			"to": [10, 4.2, 5],
			"faces": {
				"north": {"uv": [4.5, 8, 6, 8.125], "texture": "#0"},
				"east": {"uv": [9.5, 6.5, 9.75, 6.625], "texture": "#0"},
				"south": {"uv": [8, 4.5, 9.5, 4.625], "texture": "#0"},
				"west": {"uv": [6.75, 9.5, 7, 9.625], "texture": "#0"},
				"up": {"uv": [8.5, 3, 7, 2.75], "texture": "#0"},
				"down": {"uv": [7.5, 7, 6, 7.25], "texture": "#0"}
			}
		},
		{
			"from": [4, 4, 13],
			"to": [10, 4.2, 14],
			"faces": {
				"north": {"uv": [8, 4.75, 9.5, 4.875], "texture": "#0"},
				"east": {"uv": [9.5, 7, 9.75, 7.125], "texture": "#0"},
				"south": {"uv": [8, 5, 9.5, 5.125], "texture": "#0"},
				"west": {"uv": [9.5, 7.25, 9.75, 7.375], "texture": "#0"},
				"up": {"uv": [1.5, 7.5, 0, 7.25], "texture": "#0"},
				"down": {"uv": [3, 7.25, 1.5, 7.5], "texture": "#0"}
			}
		},
		{
			"from": [2, 2, 4],
			"to": [3, 3, 12],
			"faces": {
				"north": {"uv": [6.75, 8.75, 7, 9], "texture": "#0"},
				"east": {"uv": [5.5, 3.5, 7.5, 3.75], "texture": "#0"},
				"south": {"uv": [7, 8.75, 7.25, 9], "texture": "#0"},
				"west": {"uv": [5.5, 3.75, 7.5, 4], "texture": "#0"},
				"up": {"uv": [3.75, 7, 3.5, 5], "texture": "#0"},
				"down": {"uv": [4, 5, 3.75, 7], "texture": "#0"}
			}
		},
		{
			"from": [3, 2, 2],
			"to": [11, 3, 3],
			"faces": {
				"north": {"uv": [6, 5, 8, 5.25], "texture": "#0"},
				"east": {"uv": [7.75, 8.75, 8, 9], "texture": "#0"},
				"south": {"uv": [6, 5.25, 8, 5.5], "texture": "#0"},
				"west": {"uv": [8.5, 8.75, 8.75, 9], "texture": "#0"},
				"up": {"uv": [8, 5.75, 6, 5.5], "texture": "#0"},
				"down": {"uv": [8, 5.75, 6, 6], "texture": "#0"}
			}
		},
		{
			"from": [6, 3, 2],
			"to": [8, 7, 3],
			"faces": {
				"north": {"uv": [5, 6.75, 5.5, 7.75], "texture": "#0"},
				"east": {"uv": [4, 7.25, 4.25, 8.25], "texture": "#0"},
				"south": {"uv": [5.5, 6.75, 6, 7.75], "texture": "#0"},
				"west": {"uv": [4.25, 7.25, 4.5, 8.25], "texture": "#0"},
				"up": {"uv": [6, 8.5, 5.5, 8.25], "texture": "#0"},
				"down": {"uv": [6.5, 8.25, 6, 8.5], "texture": "#0"}
			}
		},
		{
			"from": [6, 3, 1.3],
			"to": [8, 5.5, 2],
			"faces": {
				"north": {"uv": [3, 7, 3.5, 7.625], "texture": "#0"},
				"east": {"uv": [6.5, 8.75, 6.625, 9.375], "texture": "#0"},
				"south": {"uv": [3.5, 7, 4, 7.625], "texture": "#0"},
				"west": {"uv": [8.75, 6.5, 8.875, 7.125], "texture": "#0"},
				"up": {"uv": [6, 9.125, 5.5, 9], "texture": "#0"},
				"down": {"uv": [6.5, 9, 6, 9.125], "texture": "#0"}
			}
		},
		{
			"from": [6, 4, 3],
			"to": [8, 5.5, 3.5],
			"faces": {
				"north": {"uv": [3, 7.75, 3.5, 8.125], "texture": "#0"},
				"east": {"uv": [7.25, 9.25, 7.375, 9.625], "texture": "#0"},
				"south": {"uv": [3.5, 7.75, 4, 8.125], "texture": "#0"},
				"west": {"uv": [8.75, 9.25, 8.875, 9.625], "texture": "#0"},
				"up": {"uv": [9.5, 7.375, 9, 7.25], "texture": "#0"},
				"down": {"uv": [8.25, 9, 7.75, 9.125], "texture": "#0"}
			}
		},
		{
			"from": [6, 5.5, 1.5],
			"to": [8, 6, 2],
			"faces": {
				"north": {"uv": [9, 6.5, 9.5, 6.625], "texture": "#0"},
				"east": {"uv": [9.5, 9.5, 9.625, 9.625], "texture": "#0"},
				"south": {"uv": [6.75, 9, 7.25, 9.125], "texture": "#0"},
				"west": {"uv": [0, 9.75, 0.125, 9.875], "texture": "#0"},
				"up": {"uv": [9.5, 6.875, 9, 6.75], "texture": "#0"},
				"down": {"uv": [9.5, 7, 9, 7.125], "texture": "#0"}
			}
		},
		{
			"from": [6, 6.7, 1.7],
			"to": [8, 7, 2],
			"faces": {
				"north": {"uv": [3, 9.25, 3.5, 9.375], "texture": "#0"},
				"east": {"uv": [3, 9.75, 3.125, 9.875], "texture": "#0"},
				"south": {"uv": [3.5, 9.25, 4, 9.375], "texture": "#0"},
				"west": {"uv": [3.25, 9.75, 3.375, 9.875], "texture": "#0"},
				"up": {"uv": [4.5, 9.375, 4, 9.25], "texture": "#0"},
				"down": {"uv": [5.5, 9.25, 5, 9.375], "texture": "#0"}
			}
		},
		{
			"from": [5.7, 6.5, 2],
			"to": [6, 7, 3],
			"faces": {
				"north": {"uv": [0.25, 9.75, 0.375, 9.875], "texture": "#0"},
				"east": {"uv": [9.5, 5, 9.75, 5.125], "texture": "#0"},
				"south": {"uv": [0.5, 9.75, 0.625, 9.875], "texture": "#0"},
				"west": {"uv": [5.25, 9.5, 5.5, 9.625], "texture": "#0"},
				"up": {"uv": [9.625, 5.5, 9.5, 5.25], "texture": "#0"},
				"down": {"uv": [5.625, 9.5, 5.5, 9.75], "texture": "#0"}
			}
		},
		{
			"from": [8, 6.5, 2],
			"to": [8.3, 7, 3],
			"faces": {
				"north": {"uv": [0.75, 9.75, 0.875, 9.875], "texture": "#0"},
				"east": {"uv": [9.5, 5.5, 9.75, 5.625], "texture": "#0"},
				"south": {"uv": [1, 9.75, 1.125, 9.875], "texture": "#0"},
				"west": {"uv": [5.75, 9.5, 6, 9.625], "texture": "#0"},
				"up": {"uv": [9.625, 6, 9.5, 5.75], "texture": "#0"},
				"down": {"uv": [6.125, 9.5, 6, 9.75], "texture": "#0"}
			}
		},
		{
			"from": [8, 3, 2],
			"to": [8.3, 5, 3],
			"faces": {
				"north": {"uv": [1.5, 9.25, 1.625, 9.75], "texture": "#0"},
				"east": {"uv": [8.5, 6.5, 8.75, 7], "texture": "#0"},
				"south": {"uv": [1.75, 9.25, 1.875, 9.75], "texture": "#0"},
				"west": {"uv": [8.5, 7, 8.75, 7.5], "texture": "#0"},
				"up": {"uv": [9.625, 6.25, 9.5, 6], "texture": "#0"},
				"down": {"uv": [6.375, 9.5, 6.25, 9.75], "texture": "#0"}
			}
		},
		{
			"from": [5.7, 3, 1.9],
			"to": [6, 5, 3],
			"faces": {
				"north": {"uv": [2, 9.25, 2.125, 9.75], "texture": "#0"},
				"east": {"uv": [8, 8.5, 8.25, 9], "texture": "#0"},
				"south": {"uv": [2.25, 9.25, 2.375, 9.75], "texture": "#0"},
				"west": {"uv": [8.25, 8.5, 8.5, 9], "texture": "#0"},
				"up": {"uv": [9.625, 6.5, 9.5, 6.25], "texture": "#0"},
				"down": {"uv": [6.625, 9.5, 6.5, 9.75], "texture": "#0"}
			}
		},
		{
			"from": [6, 5.5, 3],
			"to": [8, 6.5, 3.6],
			"faces": {
				"north": {"uv": [8.5, 4.25, 9, 4.5], "texture": "#0"},
				"east": {"uv": [9.5, 4.75, 9.625, 5], "texture": "#0"},
				"south": {"uv": [5, 8.5, 5.5, 8.75], "texture": "#0"},
				"west": {"uv": [5, 9.5, 5.125, 9.75], "texture": "#0"},
				"up": {"uv": [9.5, 7.875, 9, 7.75], "texture": "#0"},
				"down": {"uv": [8.75, 9, 8.25, 9.125], "texture": "#0"}
			}
		},
		{
			"from": [6, 6.5, 3],
			"to": [8, 7.5, 3.8],
			"faces": {
				"north": {"uv": [5.5, 8.5, 6, 8.75], "texture": "#0"},
				"east": {"uv": [7.25, 9, 7.5, 9.25], "texture": "#0"},
				"south": {"uv": [6, 8.5, 6.5, 8.75], "texture": "#0"},
				"west": {"uv": [9, 8.25, 9.25, 8.5], "texture": "#0"},
				"up": {"uv": [9, 6.25, 8.5, 6], "texture": "#0"},
				"down": {"uv": [9, 6.25, 8.5, 6.5], "texture": "#0"}
			}
		},
		{
			"from": [6, 2, 1.5],
			"to": [8, 3, 2],
			"faces": {
				"north": {"uv": [8.5, 2.75, 9, 3], "texture": "#0"},
				"east": {"uv": [9.5, 4.25, 9.625, 4.5], "texture": "#0"},
				"south": {"uv": [3.5, 8.5, 4, 8.75], "texture": "#0"},
				"west": {"uv": [4.5, 9.5, 4.625, 9.75], "texture": "#0"},
				"up": {"uv": [9.5, 6.125, 9, 6], "texture": "#0"},
				"down": {"uv": [9.5, 6.25, 9, 6.375], "texture": "#0"}
			}
		},
		{
			"from": [4, 1, 2.5],
			"to": [10, 2, 3],
			"faces": {
				"north": {"uv": [7, 2.25, 8.5, 2.5], "texture": "#0"},
				"east": {"uv": [9.5, 4.5, 9.625, 4.75], "texture": "#0"},
				"south": {"uv": [7, 2.5, 8.5, 2.75], "texture": "#0"},
				"west": {"uv": [4.75, 9.5, 4.875, 9.75], "texture": "#0"},
				"up": {"uv": [9.5, 1.375, 8, 1.25], "texture": "#0"},
				"down": {"uv": [3, 8, 1.5, 8.125], "texture": "#0"}
			}
		},
		{
			"from": [5, 1.5, 2],
			"to": [9, 2, 2.5],
			"faces": {
				"north": {"uv": [8.5, 3.5, 9.5, 3.625], "texture": "#0"},
				"east": {"uv": [9.25, 9.5, 9.375, 9.625], "texture": "#0"},
				"south": {"uv": [8.5, 3.75, 9.5, 3.875], "texture": "#0"},
				"west": {"uv": [9.5, 9.25, 9.625, 9.375], "texture": "#0"},
				"up": {"uv": [5, 8.625, 4, 8.5], "texture": "#0"},
				"down": {"uv": [9.5, 4, 8.5, 4.125], "texture": "#0"}
			}
		},
		{
			"from": [4, 1.5, 13],
			"to": [10, 2, 13.5],
			"faces": {
				"north": {"uv": [8, 1.5, 9.5, 1.625], "texture": "#0"},
				"east": {"uv": [9.5, 8.75, 9.625, 8.875], "texture": "#0"},
				"south": {"uv": [8, 1.75, 9.5, 1.875], "texture": "#0"},
				"west": {"uv": [9.5, 9, 9.625, 9.125], "texture": "#0"},
				"up": {"uv": [9.5, 3.125, 8, 3], "texture": "#0"},
				"down": {"uv": [9.5, 3.25, 8, 3.375], "texture": "#0"}
			}
		},
		{
			"from": [6, 7, 1],
			"to": [8, 9, 3],
			"faces": {
				"north": {"uv": [5, 6, 5.5, 6.5], "texture": "#0"},
				"east": {"uv": [4.5, 7.25, 5, 7.75], "texture": "#0"},
				"south": {"uv": [7.5, 1, 8, 1.5], "texture": "#0"},
				"west": {"uv": [7.5, 1.5, 8, 2], "texture": "#0"},
				"up": {"uv": [2.5, 8, 2, 7.5], "texture": "#0"},
				"down": {"uv": [3, 7.5, 2.5, 8], "texture": "#0"}
			}
		},
		{
			"from": [6, 7.5, 3],
			"to": [8, 9.5, 3.5],
			"faces": {
				"north": {"uv": [7.5, 7.5, 8, 8], "texture": "#0"},
				"east": {"uv": [4.5, 9, 4.625, 9.5], "texture": "#0"},
				"south": {"uv": [0, 7.75, 0.5, 8.25], "texture": "#0"},
				"west": {"uv": [4.75, 9, 4.875, 9.5], "texture": "#0"},
				"up": {"uv": [9.5, 4.375, 9, 4.25], "texture": "#0"},
				"down": {"uv": [5.5, 9, 5, 9.125], "texture": "#0"}
			}
		},
		{
			"from": [6, 9, 1.4],
			"to": [8, 9.5, 3],
			"faces": {
				"north": {"uv": [6.75, 9.25, 7.25, 9.375], "texture": "#0"},
				"east": {"uv": [9.25, 8.25, 9.625, 8.375], "texture": "#0"},
				"south": {"uv": [7.75, 9.25, 8.25, 9.375], "texture": "#0"},
				"west": {"uv": [9.5, 1, 9.875, 1.125], "texture": "#0"},
				"up": {"uv": [2, 8.625, 1.5, 8.25], "texture": "#0"},
				"down": {"uv": [2.5, 8.25, 2, 8.625], "texture": "#0"}
			}
		},
		{
			"from": [5.3, 9, 1.4],
			"to": [6, 9.3, 3],
			"faces": {
				"north": {"uv": [9.75, 3.25, 9.875, 3.375], "texture": "#0"},
				"east": {"uv": [9.5, 1.75, 9.875, 1.875], "texture": "#0"},
				"south": {"uv": [9.75, 3.5, 9.875, 3.625], "texture": "#0"},
				"west": {"uv": [9.5, 2, 9.875, 2.125], "texture": "#0"},
				"up": {"uv": [2.625, 9.875, 2.5, 9.5], "texture": "#0"},
				"down": {"uv": [2.875, 9.5, 2.75, 9.875], "texture": "#0"}
			}
		},
		{
			"from": [8, 9, 1.4],
			"to": [8.7, 9.3, 3],
			"faces": {
				"north": {"uv": [9.75, 3.75, 9.875, 3.875], "texture": "#0"},
				"east": {"uv": [3, 9.5, 3.375, 9.625], "texture": "#0"},
				"south": {"uv": [9.75, 4, 9.875, 4.125], "texture": "#0"},
				"west": {"uv": [9.5, 3, 9.875, 3.125], "texture": "#0"},
				"up": {"uv": [9.625, 3.625, 9.5, 3.25], "texture": "#0"},
				"down": {"uv": [3.625, 9.5, 3.5, 9.875], "texture": "#0"}
			}
		},
		{
			"from": [6, 9.5, 1.7],
			"to": [8, 9.7, 3.3],
			"faces": {
				"north": {"uv": [9.25, 8, 9.75, 8.125], "texture": "#0"},
				"east": {"uv": [9.5, 1.25, 9.875, 1.375], "texture": "#0"},
				"south": {"uv": [8.25, 9.25, 8.75, 9.375], "texture": "#0"},
				"west": {"uv": [9.5, 1.5, 9.875, 1.625], "texture": "#0"},
				"up": {"uv": [3, 8.625, 2.5, 8.25], "texture": "#0"},
				"down": {"uv": [3.5, 8.25, 3, 8.625], "texture": "#0"}
			}
		},
		{
			"from": [6, 7.5, 3.5],
			"to": [8, 9, 4],
			"faces": {
				"north": {"uv": [8, 3.5, 8.5, 3.875], "texture": "#0"},
				"east": {"uv": [9, 9.25, 9.125, 9.625], "texture": "#0"},
				"south": {"uv": [8, 4, 8.5, 4.375], "texture": "#0"},
				"west": {"uv": [9.25, 9, 9.375, 9.375], "texture": "#0"},
				"up": {"uv": [9.25, 9.125, 8.75, 9], "texture": "#0"},
				"down": {"uv": [9.5, 8.75, 9, 8.875], "texture": "#0"}
			}
		},
		{
			"from": [6, 7.8, 4],
			"to": [8, 8.8, 4.3],
			"faces": {
				"north": {"uv": [3.5, 8.75, 4, 9], "texture": "#0"},
				"east": {"uv": [7.75, 9.5, 7.875, 9.75], "texture": "#0"},
				"south": {"uv": [4, 8.75, 4.5, 9], "texture": "#0"},
				"west": {"uv": [9.5, 7.75, 9.625, 8], "texture": "#0"},
				"up": {"uv": [6, 9.375, 5.5, 9.25], "texture": "#0"},
				"down": {"uv": [6.5, 9.25, 6, 9.375], "texture": "#0"}
			}
		},
		{
			"from": [6, 7, -1],
			"to": [8, 8, 1],
			"faces": {
				"north": {"uv": [8, 8.25, 8.5, 8.5], "texture": "#0"},
				"east": {"uv": [8.5, 2, 9, 2.25], "texture": "#0"},
				"south": {"uv": [8.5, 2.25, 9, 2.5], "texture": "#0"},
				"west": {"uv": [8.5, 2.5, 9, 2.75], "texture": "#0"},
				"up": {"uv": [8, 7.25, 7.5, 6.75], "texture": "#0"},
				"down": {"uv": [7.5, 7.5, 7, 8], "texture": "#0"}
			}
		},
		{
			"from": [6, 8, 0],
			"to": [8, 8.3, 1],
			"faces": {
				"north": {"uv": [9.25, 2.5, 9.75, 2.625], "texture": "#0"},
				"east": {"uv": [7.5, 9.5, 7.75, 9.625], "texture": "#0"},
				"south": {"uv": [9.25, 2.75, 9.75, 2.875], "texture": "#0"},
				"west": {"uv": [9.5, 7.5, 9.75, 7.625], "texture": "#0"},
				"up": {"uv": [3, 9, 2.5, 8.75], "texture": "#0"},
				"down": {"uv": [3.5, 8.75, 3, 9], "texture": "#0"}
			}
		},
		{
			"from": [5, 7, 0],
			"to": [6, 8, 1],
			"faces": {
				"north": {"uv": [2.25, 9, 2.5, 9.25], "texture": "#0"},
				"east": {"uv": [9, 2.25, 9.25, 2.5], "texture": "#0"},
				"south": {"uv": [2.5, 9, 2.75, 9.25], "texture": "#0"},
				"west": {"uv": [9, 2.5, 9.25, 2.75], "texture": "#0"},
				"up": {"uv": [3, 9.25, 2.75, 9], "texture": "#0"},
				"down": {"uv": [9.25, 2.75, 9, 3], "texture": "#0"}
			}
		},
		{
			"from": [8, 7, 0],
			"to": [9, 8, 1],
			"faces": {
				"north": {"uv": [3, 9, 3.25, 9.25], "texture": "#0"},
				"east": {"uv": [3.25, 9, 3.5, 9.25], "texture": "#0"},
				"south": {"uv": [3.5, 9, 3.75, 9.25], "texture": "#0"},
				"west": {"uv": [3.75, 9, 4, 9.25], "texture": "#0"},
				"up": {"uv": [4.25, 9.25, 4, 9], "texture": "#0"},
				"down": {"uv": [4.5, 9, 4.25, 9.25], "texture": "#0"}
			}
		},
		{
			"from": [5, 7, 1],
			"to": [6, 9, 3],
			"faces": {
				"north": {"uv": [8.25, 6, 8.5, 6.5], "texture": "#0"},
				"east": {"uv": [7.5, 3.5, 8, 4], "texture": "#0"},
				"south": {"uv": [6.5, 8.25, 6.75, 8.75], "texture": "#0"},
				"west": {"uv": [7.5, 4, 8, 4.5], "texture": "#0"},
				"up": {"uv": [8.5, 7, 8.25, 6.5], "texture": "#0"},
				"down": {"uv": [7, 8.25, 6.75, 8.75], "texture": "#0"}
			}
		},
		{
			"from": [4.7, 7.5, 1.3],
			"to": [5, 8.5, 3],
			"faces": {
				"north": {"uv": [8, 9.5, 8.125, 9.75], "texture": "#0"},
				"east": {"uv": [4.5, 8.75, 4.875, 9], "texture": "#0"},
				"south": {"uv": [8.25, 9.5, 8.375, 9.75], "texture": "#0"},
				"west": {"uv": [5, 8.75, 5.375, 9], "texture": "#0"},
				"up": {"uv": [3.875, 9.875, 3.75, 9.5], "texture": "#0"},
				"down": {"uv": [9.625, 3.75, 9.5, 4.125], "texture": "#0"}
			}
		},
		{
			"from": [9, 7.5, 1.3],
			"to": [9.3, 8.5, 3],
			"faces": {
				"north": {"uv": [8.5, 9.5, 8.625, 9.75], "texture": "#0"},
				"east": {"uv": [5.5, 8.75, 5.875, 9], "texture": "#0"},
				"south": {"uv": [9.5, 8.5, 9.625, 8.75], "texture": "#0"},
				"west": {"uv": [6, 8.75, 6.375, 9], "texture": "#0"},
				"up": {"uv": [4.125, 9.875, 4, 9.5], "texture": "#0"},
				"down": {"uv": [4.375, 9.5, 4.25, 9.875], "texture": "#0"}
			}
		},
		{
			"from": [8, 7, 1],
			"to": [9, 9, 3],
			"faces": {
				"north": {"uv": [7, 8.25, 7.25, 8.75], "texture": "#0"},
				"east": {"uv": [6, 7.5, 6.5, 8], "texture": "#0"},
				"south": {"uv": [8.25, 7, 8.5, 7.5], "texture": "#0"},
				"west": {"uv": [6.5, 7.5, 7, 8], "texture": "#0"},
				"up": {"uv": [7.5, 8.75, 7.25, 8.25], "texture": "#0"},
				"down": {"uv": [8, 8.25, 7.75, 8.75], "texture": "#0"}
			}
		},
		{
			"from": [3, 2, 13],
			"to": [11, 3, 14],
			"faces": {
				"north": {"uv": [6, 6, 8, 6.25], "texture": "#0"},
				"east": {"uv": [8.75, 8.75, 9, 9], "texture": "#0"},
				"south": {"uv": [6, 6.25, 8, 6.5], "texture": "#0"},
				"west": {"uv": [1.5, 9, 1.75, 9.25], "texture": "#0"},
				"up": {"uv": [3.5, 6.75, 1.5, 6.5], "texture": "#0"},
				"down": {"uv": [6, 6.5, 4, 6.75], "texture": "#0"}
			}
		},
		{
			"from": [4, 3, 13],
			"to": [10, 4, 15],
			"faces": {
				"north": {"uv": [1.5, 7, 3, 7.25], "texture": "#0"},
				"east": {"uv": [1.5, 7.75, 2, 8], "texture": "#0"},
				"south": {"uv": [7, 2, 8.5, 2.25], "texture": "#0"},
				"west": {"uv": [8, 7.75, 8.5, 8], "texture": "#0"},
				"up": {"uv": [7, 2.5, 5.5, 2], "texture": "#0"},
				"down": {"uv": [7, 2.5, 5.5, 3], "texture": "#0"}
			}
		},
		{
			"from": [5, 4, 14],
			"to": [9, 4.5, 16],
			"faces": {
				"north": {"uv": [3.5, 8.25, 4.5, 8.375], "texture": "#0"},
				"east": {"uv": [1.75, 9, 2.25, 9.125], "texture": "#0"},
				"south": {"uv": [4.5, 8.25, 5.5, 8.375], "texture": "#0"},
				"west": {"uv": [9, 2, 9.5, 2.125], "texture": "#0"},
				"up": {"uv": [5, 6.5, 4, 6], "texture": "#0"},
				"down": {"uv": [5, 6.75, 4, 7.25], "texture": "#0"}
			}
		},
		{
			"from": [6, 4.5, 15],
			"to": [8, 5, 16],
			"faces": {
				"north": {"uv": [9.25, 2.25, 9.75, 2.375], "texture": "#0"},
				"east": {"uv": [9.5, 6.75, 9.75, 6.875], "texture": "#0"},
				"south": {"uv": [2.5, 9.25, 3, 9.375], "texture": "#0"},
				"west": {"uv": [7, 9.5, 7.25, 9.625], "texture": "#0"},
				"up": {"uv": [9, 8, 8.5, 7.75], "texture": "#0"},
				"down": {"uv": [9, 8.25, 8.5, 8.5], "texture": "#0"}
			}
		},
		{
			"from": [11, 2, 4],
			"to": [12, 3, 12],
			"faces": {
				"north": {"uv": [7.25, 8.75, 7.5, 9], "texture": "#0"},
				"east": {"uv": [5.5, 4, 7.5, 4.25], "texture": "#0"},
				"south": {"uv": [8.75, 7.25, 9, 7.5], "texture": "#0"},
				"west": {"uv": [5.5, 4.25, 7.5, 4.5], "texture": "#0"},
				"up": {"uv": [5.75, 6.5, 5.5, 4.5], "texture": "#0"},
				"down": {"uv": [6, 4.5, 5.75, 6.5], "texture": "#0"}
			}
		}
	],
	"display": {
		"head": {
			"translation": [1, 14.25, 0]
		}
	}
}