{
	"credit": "Made with Blockbench",
	"texture_size": [64, 64],
	"textures": {
		"2": "moondaycaremask",
		"particle": "moondaycaremask"
	},
	"elements": [
		{
			"from": [2, 8, 3],
			"to": [2, 10, 17],
			"faces": {
				"north": {"uv": [0, 0, 0, 0.5], "texture": "#2"},
				"east": {"uv": [8.5, 0.75, 12, 1.25], "texture": "#2"},
				"south": {"uv": [0, 0, 0, 0.5], "texture": "#2"},
				"west": {"uv": [8.5, 1.25, 12, 1.75], "texture": "#2"},
				"up": {"uv": [0, 3.5, 0, 0], "texture": "#2"},
				"down": {"uv": [0, 0, 0, 3.5], "texture": "#2"}
			}
		},
		{
			"from": [2, 8, 17],
			"to": [14, 10, 17],
			"faces": {
				"north": {"uv": [0, 9, 3, 9.5], "texture": "#2"},
				"east": {"uv": [0, 0, 0, 0.5], "texture": "#2"},
				"south": {"uv": [3, 9, 6, 9.5], "texture": "#2"},
				"west": {"uv": [0, 0, 0, 0.5], "texture": "#2"},
				"up": {"uv": [3, 0, 0, 0], "texture": "#2"},
				"down": {"uv": [3, 0, 0, 0], "texture": "#2"}
			}
		},
		{
			"from": [14, 8, 3],
			"to": [14, 10, 17],
			"faces": {
				"north": {"uv": [0, 0, 0, 0.5], "texture": "#2"},
				"east": {"uv": [8.5, 1.75, 12, 2.25], "texture": "#2"},
				"south": {"uv": [0, 0, 0, 0.5], "texture": "#2"},
				"west": {"uv": [6.25, 8.5, 9.75, 9], "texture": "#2"},
				"up": {"uv": [0, 3.5, 0, 0], "texture": "#2"},
				"down": {"uv": [0, 0, 0, 3.5], "texture": "#2"}
			}
		},
		{
			"from": [3, 4, 3],
			"to": [13, 14, 4],
			"faces": {
				"north": {"uv": [5, 3.25, 7.5, 5.75], "texture": "#2"},
				"east": {"uv": [9, 4.75, 9.25, 7.25], "texture": "#2"},
				"south": {"uv": [5, 5.75, 7.5, 8.25], "texture": "#2"},
				"west": {"uv": [6, 9, 6.25, 11.5], "texture": "#2"},
				"up": {"uv": [5, 8.25, 2.5, 8], "texture": "#2"},
				"down": {"uv": [8.75, 9, 6.25, 9.25], "texture": "#2"}
			}
		},
		{
			"from": [4, 3, 3],
			"to": [12, 4, 4],
			"faces": {
				"north": {"uv": [9.25, 6, 11.25, 6.25], "texture": "#2"},
				"east": {"uv": [7.25, 8.25, 7.5, 8.5], "texture": "#2"},
				"south": {"uv": [6.25, 9.25, 8.25, 9.5], "texture": "#2"},
				"west": {"uv": [5.75, 9.5, 6, 9.75], "texture": "#2"},
				"up": {"uv": [11.25, 6.5, 9.25, 6.25], "texture": "#2"},
				"down": {"uv": [11.25, 6.5, 9.25, 6.75], "texture": "#2"}
			}
		},
		{
			"from": [4, 14, 3],
			"to": [12, 15, 4],
			"faces": {
				"north": {"uv": [9.25, 6.75, 11.25, 7], "texture": "#2"},
				"east": {"uv": [1.75, 9.75, 2, 10], "texture": "#2"},
				"south": {"uv": [9.25, 7, 11.25, 7.25], "texture": "#2"},
				"west": {"uv": [5.25, 9.75, 5.5, 10], "texture": "#2"},
				"up": {"uv": [10.25, 9.5, 8.25, 9.25], "texture": "#2"},
				"down": {"uv": [2, 9.5, 0, 9.75], "texture": "#2"}
			}
		},
		{
			"from": [2, 5, 3],
			"to": [3, 13, 4],
			"faces": {
				"north": {"uv": [4.75, 6, 5, 8], "texture": "#2"},
				"east": {"uv": [2, 9.5, 2.25, 11.5], "texture": "#2"},
				"south": {"uv": [2.25, 9.5, 2.5, 11.5], "texture": "#2"},
				"west": {"uv": [2.5, 9.5, 2.75, 11.5], "texture": "#2"},
				"up": {"uv": [5.75, 10, 5.5, 9.75], "texture": "#2"},
				"down": {"uv": [6, 9.75, 5.75, 10], "texture": "#2"}
			}
		},
		{
			"from": [13, 5, 3],
			"to": [14, 13, 4],
			"faces": {
				"north": {"uv": [2.75, 9.5, 3, 11.5], "texture": "#2"},
				"east": {"uv": [3, 9.5, 3.25, 11.5], "texture": "#2"},
				"south": {"uv": [3.25, 9.5, 3.5, 11.5], "texture": "#2"},
				"west": {"uv": [3.5, 9.5, 3.75, 11.5], "texture": "#2"},
				"up": {"uv": [6.5, 10, 6.25, 9.75], "texture": "#2"},
				"down": {"uv": [6.75, 9.75, 6.5, 10], "texture": "#2"}
			}
		},
		{
			"from": [2, 12.8, 4],
			"to": [14, 15.8, 17],
			"faces": {
				"north": {"uv": [3.25, 8.25, 6.25, 9], "texture": "#2"},
				"east": {"uv": [7.5, 7.75, 10.75, 8.5], "texture": "#2"},
				"south": {"uv": [8.5, 0, 11.5, 0.75], "texture": "#2"},
				"west": {"uv": [0, 8.25, 3.25, 9], "texture": "#2"},
				"up": {"uv": [3, 3.25, 0, 0], "texture": "#2"},
				"down": {"uv": [6, 0, 3, 3.25], "texture": "#2"}
			}
		},
		{
			"from": [3, 15.8, 5],
			"to": [13, 16.8, 16],
			"faces": {
				"north": {"uv": [9, 7.25, 11.5, 7.5], "texture": "#2"},
				"east": {"uv": [9, 4.25, 11.75, 4.5], "texture": "#2"},
				"south": {"uv": [9, 7.5, 11.5, 7.75], "texture": "#2"},
				"west": {"uv": [9, 4.5, 11.75, 4.75], "texture": "#2"},
				"up": {"uv": [2.5, 6, 0, 3.25], "texture": "#2"},
				"down": {"uv": [5, 3.25, 2.5, 6], "texture": "#2"}
			}
		},
		{
			"from": [4, 16.8, 6],
			"to": [14, 17.8, 15],
			"faces": {
				"north": {"uv": [8.75, 9, 11.25, 9.25], "texture": "#2"},
				"east": {"uv": [9.25, 5, 11.5, 5.25], "texture": "#2"},
				"south": {"uv": [9.25, 4.75, 11.75, 5], "texture": "#2"},
				"west": {"uv": [9.25, 5.25, 11.5, 5.5], "texture": "#2"},
				"up": {"uv": [2.5, 8.25, 0, 6], "texture": "#2"},
				"down": {"uv": [8.5, 0, 6, 2.25], "texture": "#2"}
			}
		},
		{
			"from": [6, 17.8, 8],
			"to": [15, 18.8, 16],
			"faces": {
				"north": {"uv": [9.25, 5.5, 11.5, 5.75], "texture": "#2"},
				"east": {"uv": [3.75, 9.5, 5.75, 9.75], "texture": "#2"},
				"south": {"uv": [9.25, 5.75, 11.5, 6], "texture": "#2"},
				"west": {"uv": [6.25, 9.5, 8.25, 9.75], "texture": "#2"},
				"up": {"uv": [4.75, 8, 2.5, 6], "texture": "#2"},
				"down": {"uv": [9.75, 2.25, 7.5, 4.25], "texture": "#2"}
			}
		},
		{
			"from": [10, 18.8, 10],
			"to": [16, 19.8, 17],
			"faces": {
				"north": {"uv": [6, 2.25, 7.5, 2.5], "texture": "#2"},
				"east": {"uv": [8.25, 9.5, 10, 9.75], "texture": "#2"},
				"south": {"uv": [6, 2.5, 7.5, 2.75], "texture": "#2"},
				"west": {"uv": [0, 9.75, 1.75, 10], "texture": "#2"},
				"up": {"uv": [9, 6, 7.5, 4.25], "texture": "#2"},
				"down": {"uv": [9, 6, 7.5, 7.75], "texture": "#2"}
			}
		},
		{
			"from": [15, 17.8, 16],
			"to": [17, 18.8, 18],
			"faces": {
				"north": {"uv": [6.25, 8.25, 6.75, 8.5], "texture": "#2"},
				"east": {"uv": [6.75, 8.25, 7.25, 8.5], "texture": "#2"},
				"south": {"uv": [4.25, 9.75, 4.75, 10], "texture": "#2"},
				"west": {"uv": [4.75, 9.75, 5.25, 10], "texture": "#2"},
				"up": {"uv": [6.5, 3.25, 6, 2.75], "texture": "#2"},
				"down": {"uv": [7, 2.75, 6.5, 3.25], "texture": "#2"}
			}
		},
		{
			"from": [16, 15.8, 17],
			"to": [18, 17.8, 19],
			"faces": {
				"north": {"uv": [7, 2.75, 7.5, 3.25], "texture": "#2"},
				"east": {"uv": [9.75, 2.25, 10.25, 2.75], "texture": "#2"},
				"south": {"uv": [9.75, 2.75, 10.25, 3.25], "texture": "#2"},
				"west": {"uv": [9.75, 3.25, 10.25, 3.75], "texture": "#2"},
				"up": {"uv": [4.25, 10.25, 3.75, 9.75], "texture": "#2"},
				"down": {"uv": [10.25, 3.75, 9.75, 4.25], "texture": "#2"}
			}
		}
	],
	"display": {
		"head": {
			"translation": [0, -0.25, -2.5],
			"scale": [1.125, 1.125, 1]
		}
	},
	"groups": [
		{
			"name": "group",
			"origin": [0, 0, 0],
			"color": 0,
			"nbt": "{}",
			"children": [
				0,
				1,
				2,
				3,
				4,
				5,
				6,
				7,
				{
					"name": "group",
					"origin": [0, 0, 0],
					"color": 0,
					"nbt": "{}",
					"children": [8, 9, 10, 11, 12, 13, 14]
				}
			]
		}
	]
}