{
	"credit": "Made with Blockbench",
	"texture_size": [64, 64],
	"textures": {
		"2": "./witch_black_hat",
		"particle": "./witch_black_hat"
	},
	"elements": [
		{
			"from": [2, 0, 2],
			"to": [14, 3, 14],
			"faces": {
				"north": {"uv": [8.25, 5, 11.25, 5.75], "texture": "#2"},
				"east": {"uv": [8.25, 5.75, 11.25, 6.5], "texture": "#2"},
				"south": {"uv": [8.25, 6.5, 11.25, 7.25], "texture": "#2"},
				"west": {"uv": [8.25, 7.25, 11.25, 8], "texture": "#2"},
				"up": {"uv": [3, 3, 0, 0], "texture": "#2"},
				"down": {"uv": [3, 3, 0, 6], "texture": "#2"}
			}
		},
		{
			"from": [3, 3, 3],
			"to": [13, 4, 13],
			"faces": {
				"north": {"uv": [0, 10, 2.5, 10.25], "texture": "#2"},
				"east": {"uv": [10, 1.25, 12.5, 1.5], "texture": "#2"},
				"south": {"uv": [10, 1.5, 12.5, 1.75], "texture": "#2"},
				"west": {"uv": [10, 1.75, 12.5, 2], "texture": "#2"},
				"up": {"uv": [5.5, 2.5, 3, 0], "texture": "#2"},
				"down": {"uv": [5.5, 2.5, 3, 5], "texture": "#2"}
			}
		},
		{
			"from": [4, 4, 2],
			"to": [12, 6, 11],
			"faces": {
				"north": {"uv": [9.5, 8, 11.5, 8.5], "texture": "#2"},
				"east": {"uv": [8, 9.25, 10.25, 9.75], "texture": "#2"},
				"south": {"uv": [9.5, 8.5, 11.5, 9], "texture": "#2"},
				"west": {"uv": [0, 9.5, 2.25, 10], "texture": "#2"},
				"up": {"uv": [5, 7.25, 3, 5], "texture": "#2"},
				"down": {"uv": [7, 5, 5, 7.25], "texture": "#2"}
			}
		},
		{
			"from": [5, 6, 1],
			"to": [11, 7, 9],
			"faces": {
				"north": {"uv": [12, 7.5, 13.5, 7.75], "texture": "#2"},
				"east": {"uv": [0.5, 10.5, 2.5, 10.75], "texture": "#2"},
				"south": {"uv": [12, 7.75, 13.5, 8], "texture": "#2"},
				"west": {"uv": [11.5, 8.75, 13.5, 9], "texture": "#2"},
				"up": {"uv": [5.25, 9.25, 3.75, 7.25], "texture": "#2"},
				"down": {"uv": [6.75, 7.25, 5.25, 9.25], "texture": "#2"}
			}
		},
		{
			"from": [6, 7, 0],
			"to": [10, 8, 6],
			"faces": {
				"north": {"uv": [5.75, 9.25, 6.75, 9.5], "texture": "#2"},
				"east": {"uv": [8.75, 12, 10.25, 12.25], "texture": "#2"},
				"south": {"uv": [5.75, 9.5, 6.75, 9.75], "texture": "#2"},
				"west": {"uv": [12, 10, 13.5, 10.25], "texture": "#2"},
				"up": {"uv": [10, 1.5, 9, 0], "texture": "#2"},
				"down": {"uv": [10, 1.5, 9, 3], "texture": "#2"}
			}
		},
		{
			"from": [7, 7, 6],
			"to": [9, 8, 7],
			"faces": {
				"north": {"uv": [11.5, 4.5, 12, 4.75], "texture": "#2"},
				"east": {"uv": [6.75, 8.25, 7, 8.5], "texture": "#2"},
				"south": {"uv": [11.5, 4.75, 12, 5], "texture": "#2"},
				"west": {"uv": [8, 9, 8.25, 9.25], "texture": "#2"},
				"up": {"uv": [10.75, 12.75, 10.25, 12.5], "texture": "#2"},
				"down": {"uv": [11.25, 12.5, 10.75, 12.75], "texture": "#2"}
			}
		},
		{
			"from": [6, 6, 9],
			"to": [10, 7, 10],
			"faces": {
				"north": {"uv": [12.25, 8.25, 13.25, 8.5], "texture": "#2"},
				"east": {"uv": [11, 11.25, 11.25, 11.5], "texture": "#2"},
				"south": {"uv": [12.25, 8.5, 13.25, 8.75], "texture": "#2"},
				"west": {"uv": [2.75, 12, 3, 12.25], "texture": "#2"},
				"up": {"uv": [9.75, 12.5, 8.75, 12.25], "texture": "#2"},
				"down": {"uv": [10.75, 12.25, 9.75, 12.5], "texture": "#2"}
			}
		},
		{
			"from": [5, 4, 11],
			"to": [11, 5, 12],
			"faces": {
				"north": {"uv": [12, 10.25, 13.5, 10.5], "texture": "#2"},
				"east": {"uv": [2.75, 12.5, 3, 12.75], "texture": "#2"},
				"south": {"uv": [12, 10.5, 13.5, 10.75], "texture": "#2"},
				"west": {"uv": [12.75, 6, 13, 6.25], "texture": "#2"},
				"up": {"uv": [13.5, 11, 12, 10.75], "texture": "#2"},
				"down": {"uv": [13.5, 11, 12, 11.25], "texture": "#2"}
			}
		},
		{
			"from": [7, 8, -1],
			"to": [9, 9, 4],
			"faces": {
				"north": {"uv": [11.25, 12.5, 11.75, 12.75], "texture": "#2"},
				"east": {"uv": [12, 11.25, 13.25, 11.5], "texture": "#2"},
				"south": {"uv": [12.5, 11.5, 13, 11.75], "texture": "#2"},
				"west": {"uv": [0.5, 12.25, 1.75, 12.5], "texture": "#2"},
				"up": {"uv": [3, 7.25, 2.5, 6], "texture": "#2"},
				"down": {"uv": [6.25, 10, 5.75, 11.25], "texture": "#2"}
			}
		},
		{
			"from": [7.4, 9, -2],
			"to": [8.6, 10, 2],
			"faces": {
				"north": {"uv": [6.25, 12.75, 6.5, 13], "texture": "#2"},
				"east": {"uv": [10.75, 12.25, 11.75, 12.5], "texture": "#2"},
				"south": {"uv": [12.75, 6.25, 13, 6.5], "texture": "#2"},
				"west": {"uv": [11.75, 12.25, 12.75, 12.5], "texture": "#2"},
				"up": {"uv": [7, 8.25, 6.75, 7.25], "texture": "#2"},
				"down": {"uv": [3.75, 10.75, 3.5, 11.75], "texture": "#2"}
			}
		},
		{
			"from": [19.6, -1.1, 1.9],
			"to": [19.7, 0, 2],
			"faces": {
				"north": {"uv": [2.25, 13, 2.375, 13.25], "texture": "#2"},
				"east": {"uv": [2.5, 13, 2.625, 13.25], "texture": "#2"},
				"south": {"uv": [2.75, 13, 2.875, 13.25], "texture": "#2"},
				"west": {"uv": [3.5, 13, 3.625, 13.25], "texture": "#2"},
				"up": {"uv": [7.125, 13.125, 7, 13], "texture": "#2"},
				"down": {"uv": [13.125, 7, 13, 7.125], "texture": "#2"}
			}
		},
		{
			"from": [17.6, -0.6, -1.6],
			"to": [17.7, 0, -1.5],
			"faces": {
				"north": {"uv": [7.25, 13, 7.375, 13.125], "texture": "#2"},
				"east": {"uv": [13, 7.25, 13.125, 7.375], "texture": "#2"},
				"south": {"uv": [7.5, 13, 7.625, 13.125], "texture": "#2"},
				"west": {"uv": [7.75, 13, 7.875, 13.125], "texture": "#2"},
				"up": {"uv": [8.125, 13.125, 8, 13], "texture": "#2"},
				"down": {"uv": [8.375, 13, 8.25, 13.125], "texture": "#2"}
			}
		},
		{
			"from": [11.6, -1.2, -3.65],
			"to": [11.7, 0, -3.55],
			"faces": {
				"north": {"uv": [3.75, 13, 3.875, 13.25], "texture": "#2"},
				"east": {"uv": [4, 13, 4.125, 13.25], "texture": "#2"},
				"south": {"uv": [4.25, 13, 4.375, 13.25], "texture": "#2"},
				"west": {"uv": [4.5, 13, 4.625, 13.25], "texture": "#2"},
				"up": {"uv": [8.625, 13.125, 8.5, 13], "texture": "#2"},
				"down": {"uv": [8.875, 13, 8.75, 13.125], "texture": "#2"}
			}
		},
		{
			"from": [4.6, -0.6, -3.65],
			"to": [4.7, 0, -3.55],
			"faces": {
				"north": {"uv": [9, 13, 9.125, 13.125], "texture": "#2"},
				"east": {"uv": [13, 9, 13.125, 9.125], "texture": "#2"},
				"south": {"uv": [9.25, 13, 9.375, 13.125], "texture": "#2"},
				"west": {"uv": [13, 9.25, 13.125, 9.375], "texture": "#2"},
				"up": {"uv": [9.625, 13.125, 9.5, 13], "texture": "#2"},
				"down": {"uv": [13.125, 9.5, 13, 9.625], "texture": "#2"}
			}
		},
		{
			"from": [-3.3, -0.6, 1.35],
			"to": [-3.2, 0, 1.45],
			"faces": {
				"north": {"uv": [9.75, 13, 9.875, 13.125], "texture": "#2"},
				"east": {"uv": [13, 9.75, 13.125, 9.875], "texture": "#2"},
				"south": {"uv": [10, 13, 10.125, 13.125], "texture": "#2"},
				"west": {"uv": [10.25, 13, 10.375, 13.125], "texture": "#2"},
				"up": {"uv": [10.625, 13.125, 10.5, 13], "texture": "#2"},
				"down": {"uv": [10.875, 13, 10.75, 13.125], "texture": "#2"}
			}
		},
		{
			"from": [-3.3, -1.6, 6.35],
			"to": [-3.2, 0, 6.45],
			"faces": {
				"north": {"uv": [1.25, 13, 1.375, 13.375], "texture": "#2"},
				"east": {"uv": [1.5, 13, 1.625, 13.375], "texture": "#2"},
				"south": {"uv": [1.75, 13, 1.875, 13.375], "texture": "#2"},
				"west": {"uv": [2, 13, 2.125, 13.375], "texture": "#2"},
				"up": {"uv": [11.125, 13.125, 11, 13], "texture": "#2"},
				"down": {"uv": [11.375, 13, 11.25, 13.125], "texture": "#2"}
			}
		},
		{
			"from": [-3.3, -0.8, 10.35],
			"to": [-3.2, 0, 10.45],
			"faces": {
				"north": {"uv": [4.75, 13, 4.875, 13.25], "texture": "#2"},
				"east": {"uv": [5, 13, 5.125, 13.25], "texture": "#2"},
				"south": {"uv": [5.25, 13, 5.375, 13.25], "texture": "#2"},
				"west": {"uv": [5.5, 13, 5.625, 13.25], "texture": "#2"},
				"up": {"uv": [11.625, 13.125, 11.5, 13], "texture": "#2"},
				"down": {"uv": [13.125, 11.5, 13, 11.625], "texture": "#2"}
			}
		},
		{
			"from": [-1.3, -0.3, 17.35],
			"to": [-1.2, 0, 17.45],
			"faces": {
				"north": {"uv": [11.75, 13, 11.875, 13.125], "texture": "#2"},
				"east": {"uv": [13, 11.75, 13.125, 11.875], "texture": "#2"},
				"south": {"uv": [12, 13, 12.125, 13.125], "texture": "#2"},
				"west": {"uv": [13, 12, 13.125, 12.125], "texture": "#2"},
				"up": {"uv": [12.375, 13.125, 12.25, 13], "texture": "#2"},
				"down": {"uv": [13.125, 12.25, 13, 12.375], "texture": "#2"}
			}
		},
		{
			"from": [6.7, -0.9, 19.35],
			"to": [6.8, 0, 19.45],
			"faces": {
				"north": {"uv": [5.75, 13, 5.875, 13.25], "texture": "#2"},
				"east": {"uv": [13, 6, 13.125, 6.25], "texture": "#2"},
				"south": {"uv": [6.25, 13, 6.375, 13.25], "texture": "#2"},
				"west": {"uv": [13, 6.25, 13.125, 6.5], "texture": "#2"},
				"up": {"uv": [12.625, 13.125, 12.5, 13], "texture": "#2"},
				"down": {"uv": [13.125, 12.5, 13, 12.625], "texture": "#2"}
			}
		},
		{
			"from": [12.7, -0.3, 19.35],
			"to": [12.8, 0, 19.45],
			"faces": {
				"north": {"uv": [12.75, 13, 12.875, 13.125], "texture": "#2"},
				"east": {"uv": [13, 12.75, 13.125, 12.875], "texture": "#2"},
				"south": {"uv": [13, 13, 13.125, 13.125], "texture": "#2"},
				"west": {"uv": [0, 13.25, 0.125, 13.375], "texture": "#2"},
				"up": {"uv": [0.375, 13.375, 0.25, 13.25], "texture": "#2"},
				"down": {"uv": [0.625, 13.25, 0.5, 13.375], "texture": "#2"}
			}
		},
		{
			"from": [17.7, -0.7, 17.35],
			"to": [17.8, 0, 17.45],
			"faces": {
				"north": {"uv": [0.75, 13.25, 0.875, 13.375], "texture": "#2"},
				"east": {"uv": [1, 13.25, 1.125, 13.375], "texture": "#2"},
				"south": {"uv": [13.25, 1.25, 13.375, 1.375], "texture": "#2"},
				"west": {"uv": [13.25, 1.5, 13.375, 1.625], "texture": "#2"},
				"up": {"uv": [13.375, 1.875, 13.25, 1.75], "texture": "#2"},
				"down": {"uv": [13.375, 2, 13.25, 2.125], "texture": "#2"}
			}
		},
		{
			"from": [19.7, -1.2, 8.35],
			"to": [19.8, 0, 8.45],
			"faces": {
				"north": {"uv": [6.5, 13, 6.625, 13.25], "texture": "#2"},
				"east": {"uv": [13, 6.5, 13.125, 6.75], "texture": "#2"},
				"south": {"uv": [6.75, 13, 6.875, 13.25], "texture": "#2"},
				"west": {"uv": [13, 6.75, 13.125, 7], "texture": "#2"},
				"up": {"uv": [2.375, 13.375, 2.25, 13.25], "texture": "#2"},
				"down": {"uv": [13.375, 2.25, 13.25, 2.375], "texture": "#2"}
			}
		},
		{
			"from": [7.9, 3.3, -8],
			"to": [7.9, 8.3, -3],
			"rotation": {"angle": 22.5, "axis": "x", "origin": [0, 0, 0]},
			"faces": {
				"north": {"uv": [0, 0, 0, 1.25], "texture": "#2"},
				"east": {"uv": [8.25, 8, 9.5, 9.25], "texture": "#2"},
				"south": {"uv": [0, 0, 0, 1.25], "texture": "#2"},
				"west": {"uv": [6.75, 8.5, 8, 9.75], "texture": "#2"},
				"up": {"uv": [0, 1.25, 0, 0], "texture": "#2"},
				"down": {"uv": [0, 0, 0, 1.25], "texture": "#2"}
			}
		},
		{
			"from": [19.7, -4.1, 0.2],
			"to": [19.7, -1.1, 3.2],
			"faces": {
				"north": {"uv": [0, 0, 0, 0.75], "texture": "#2"},
				"east": {"uv": [11.25, 5, 12, 5.75], "texture": "#2"},
				"south": {"uv": [0, 0, 0, 0.75], "texture": "#2"},
				"west": {"uv": [5.75, 11.25, 6.5, 12], "texture": "#2"},
				"up": {"uv": [0, 0.75, 0, 0], "texture": "#2"},
				"down": {"uv": [0, 0, 0, 0.75], "texture": "#2"}
			}
		},
		{
			"from": [14.2, -3.6, -8.2],
			"to": [17.2, -0.6, -8.2],
			"rotation": {"angle": -22.5, "axis": "y", "origin": [0, 0, 0]},
			"faces": {
				"north": {"uv": [11.25, 5.75, 12, 6.5], "texture": "#2"},
				"east": {"uv": [0, 0, 0, 0.75], "texture": "#2"},
				"south": {"uv": [6.5, 11.25, 7.25, 12], "texture": "#2"},
				"west": {"uv": [0, 0, 0, 0.75], "texture": "#2"},
				"up": {"uv": [0.75, 0, 0, 0], "texture": "#2"},
				"down": {"uv": [0.75, 0, 0, 0], "texture": "#2"}
			}
		},
		{
			"from": [10.4, -3.7, -3.6],
			"to": [13.4, -0.7, -3.6],
			"faces": {
				"north": {"uv": [11.25, 6.5, 12, 7.25], "texture": "#2"},
				"east": {"uv": [0, 0, 0, 0.75], "texture": "#2"},
				"south": {"uv": [7.25, 11.25, 8, 12], "texture": "#2"},
				"west": {"uv": [0, 0, 0, 0.75], "texture": "#2"},
				"up": {"uv": [0.75, 0, 0, 0], "texture": "#2"},
				"down": {"uv": [0.75, 0, 0, 0], "texture": "#2"}
			}
		},
		{
			"from": [3.4, -3.1, -3.6],
			"to": [6.4, -0.1, -3.6],
			"faces": {
				"north": {"uv": [11.25, 7.25, 12, 8], "texture": "#2"},
				"east": {"uv": [0, 0, 0, 0.75], "texture": "#2"},
				"south": {"uv": [8, 11.25, 8.75, 12], "texture": "#2"},
				"west": {"uv": [0, 0, 0, 0.75], "texture": "#2"},
				"up": {"uv": [0.75, 0, 0, 0], "texture": "#2"},
				"down": {"uv": [0.75, 0, 0, 0], "texture": "#2"}
			}
		},
		{
			"from": [4.3, -2.8, 16.6],
			"to": [7.3, 0.2, 16.6],
			"rotation": {"angle": -22.5, "axis": "y", "origin": [0, 0, 0]},
			"faces": {
				"north": {"uv": [8.75, 11.25, 9.5, 12], "texture": "#2"},
				"east": {"uv": [0, 0, 0, 0.75], "texture": "#2"},
				"south": {"uv": [9.5, 11.25, 10.25, 12], "texture": "#2"},
				"west": {"uv": [0, 0, 0, 0.75], "texture": "#2"},
				"up": {"uv": [0.75, 0, 0, 0], "texture": "#2"},
				"down": {"uv": [0.75, 0, 0, 0], "texture": "#2"}
			}
		},
		{
			"from": [5.5, -3.4, 19.4],
			"to": [8.5, -0.4, 19.4],
			"faces": {
				"north": {"uv": [11.25, 10, 12, 10.75], "texture": "#2"},
				"east": {"uv": [0, 0, 0, 0.75], "texture": "#2"},
				"south": {"uv": [10.25, 11.25, 11, 12], "texture": "#2"},
				"west": {"uv": [0, 0, 0, 0.75], "texture": "#2"},
				"up": {"uv": [0.75, 0, 0, 0], "texture": "#2"},
				"down": {"uv": [0.75, 0, 0, 0], "texture": "#2"}
			}
		},
		{
			"from": [11.3, -2.8, 19.4],
			"to": [14.3, 0.2, 19.4],
			"faces": {
				"north": {"uv": [11.25, 10.75, 12, 11.5], "texture": "#2"},
				"east": {"uv": [0, 0, 0, 0.75], "texture": "#2"},
				"south": {"uv": [0.5, 11.5, 1.25, 12.25], "texture": "#2"},
				"west": {"uv": [0, 0, 0, 0.75], "texture": "#2"},
				"up": {"uv": [0.75, 0, 0, 0], "texture": "#2"},
				"down": {"uv": [0.75, 0, 0, 0], "texture": "#2"}
			}
		},
		{
			"from": [8.4, -3.2, 22.8],
			"to": [11.4, -0.2, 22.8],
			"rotation": {"angle": 22.5, "axis": "y", "origin": [0, 0, 0]},
			"faces": {
				"north": {"uv": [1.25, 11.5, 2, 12.25], "texture": "#2"},
				"east": {"uv": [0, 0, 0, 0.75], "texture": "#2"},
				"south": {"uv": [2, 11.5, 2.75, 12.25], "texture": "#2"},
				"west": {"uv": [0, 0, 0, 0.75], "texture": "#2"},
				"up": {"uv": [0.75, 0, 0, 0], "texture": "#2"},
				"down": {"uv": [0.75, 0, 0, 0], "texture": "#2"}
			}
		},
		{
			"from": [-2.5, -3.6, 1],
			"to": [-2.5, -0.6, 4],
			"rotation": {"angle": -22.5, "axis": "y", "origin": [0, 0, 0]},
			"faces": {
				"north": {"uv": [0, 0, 0, 0.75], "texture": "#2"},
				"east": {"uv": [11.5, 3, 12.25, 3.75], "texture": "#2"},
				"south": {"uv": [0, 0, 0, 0.75], "texture": "#2"},
				"west": {"uv": [11.5, 3.75, 12.25, 4.5], "texture": "#2"},
				"up": {"uv": [0, 0.75, 0, 0], "texture": "#2"},
				"down": {"uv": [0, 0, 0, 0.75], "texture": "#2"}
			}
		},
		{
			"from": [-3.3, -4.1, 4.6],
			"to": [-3.3, -1.1, 7.6],
			"faces": {
				"north": {"uv": [0, 0, 0, 0.75], "texture": "#2"},
				"east": {"uv": [11.5, 8, 12.25, 8.75], "texture": "#2"},
				"south": {"uv": [0, 0, 0, 0.75], "texture": "#2"},
				"west": {"uv": [11, 11.5, 11.75, 12.25], "texture": "#2"},
				"up": {"uv": [0, 0.75, 0, 0], "texture": "#2"},
				"down": {"uv": [0, 0, 0, 0.75], "texture": "#2"}
			}
		},
		{
			"from": [-3.3, -3.3, 8.9],
			"to": [-3.3, -0.3, 11.9],
			"faces": {
				"north": {"uv": [0, 0, 0, 0.75], "texture": "#2"},
				"east": {"uv": [3.5, 11.75, 4.25, 12.5], "texture": "#2"},
				"south": {"uv": [0, 0, 0, 0.75], "texture": "#2"},
				"west": {"uv": [4.25, 11.75, 5, 12.5], "texture": "#2"},
				"up": {"uv": [0, 0.75, 0, 0], "texture": "#2"},
				"down": {"uv": [0, 0, 0, 0.75], "texture": "#2"}
			}
		},
		{
			"from": [19.8, -4.2, 6.9],
			"to": [19.8, -1.2, 9.9],
			"faces": {
				"north": {"uv": [0, 0, 0, 0.75], "texture": "#2"},
				"east": {"uv": [5, 11.75, 5.75, 12.5], "texture": "#2"},
				"south": {"uv": [0, 0, 0, 0.75], "texture": "#2"},
				"west": {"uv": [11.75, 11.5, 12.5, 12.25], "texture": "#2"},
				"up": {"uv": [0, 0.75, 0, 0], "texture": "#2"},
				"down": {"uv": [0, 0, 0, 0.75], "texture": "#2"}
			}
		},
		{
			"from": [3, 1, 14],
			"to": [13, 2, 16],
			"faces": {
				"north": {"uv": [10, 2, 12.5, 2.25], "texture": "#2"},
				"east": {"uv": [11.75, 12.5, 12.25, 12.75], "texture": "#2"},
				"south": {"uv": [10, 2.25, 12.5, 2.5], "texture": "#2"},
				"west": {"uv": [12.5, 11.75, 13, 12], "texture": "#2"},
				"up": {"uv": [11.5, 3.5, 9, 3], "texture": "#2"},
				"down": {"uv": [11.5, 3.5, 9, 4], "texture": "#2"}
			}
		},
		{
			"from": [3, 0, 1],
			"to": [13, 1, 2],
			"faces": {
				"north": {"uv": [10, 2.5, 12.5, 2.75], "texture": "#2"},
				"east": {"uv": [6.5, 12.75, 6.75, 13], "texture": "#2"},
				"south": {"uv": [10, 2.75, 12.5, 3], "texture": "#2"},
				"west": {"uv": [12.75, 6.5, 13, 6.75], "texture": "#2"},
				"up": {"uv": [8.75, 10.25, 6.25, 10], "texture": "#2"},
				"down": {"uv": [11.25, 10, 8.75, 10.25], "texture": "#2"}
			}
		},
		{
			"from": [3, 1, 0],
			"to": [13, 2, 2],
			"faces": {
				"north": {"uv": [0, 10.25, 2.5, 10.5], "texture": "#2"},
				"east": {"uv": [12.5, 12, 13, 12.25], "texture": "#2"},
				"south": {"uv": [6.25, 10.25, 8.75, 10.5], "texture": "#2"},
				"west": {"uv": [12.25, 12.5, 12.75, 12.75], "texture": "#2"},
				"up": {"uv": [11.5, 4.5, 9, 4], "texture": "#2"},
				"down": {"uv": [11.5, 4.5, 9, 5], "texture": "#2"}
			}
		},
		{
			"from": [1, 0, 3],
			"to": [2, 1, 13],
			"faces": {
				"north": {"uv": [6.75, 12.75, 7, 13], "texture": "#2"},
				"east": {"uv": [8.75, 10.25, 11.25, 10.5], "texture": "#2"},
				"south": {"uv": [12.75, 6.75, 13, 7], "texture": "#2"},
				"west": {"uv": [10.25, 9.25, 12.75, 9.5], "texture": "#2"},
				"up": {"uv": [0.25, 13, 0, 10.5], "texture": "#2"},
				"down": {"uv": [0.5, 10.5, 0.25, 13], "texture": "#2"}
			}
		},
		{
			"from": [14, 1, 3],
			"to": [16, 2, 13],
			"faces": {
				"north": {"uv": [0.5, 12.75, 1, 13], "texture": "#2"},
				"east": {"uv": [10.25, 9.5, 12.75, 9.75], "texture": "#2"},
				"south": {"uv": [1, 12.75, 1.5, 13], "texture": "#2"},
				"west": {"uv": [6.25, 10.5, 8.75, 10.75], "texture": "#2"},
				"up": {"uv": [4.25, 11.75, 3.75, 9.25], "texture": "#2"},
				"down": {"uv": [4.75, 9.25, 4.25, 11.75], "texture": "#2"}
			}
		},
		{
			"from": [0, 1, 3],
			"to": [2, 2, 13],
			"faces": {
				"north": {"uv": [1.5, 12.75, 2, 13], "texture": "#2"},
				"east": {"uv": [8.75, 10.5, 11.25, 10.75], "texture": "#2"},
				"south": {"uv": [2, 12.75, 2.5, 13], "texture": "#2"},
				"west": {"uv": [0.5, 10.75, 3, 11], "texture": "#2"},
				"up": {"uv": [5.25, 11.75, 4.75, 9.25], "texture": "#2"},
				"down": {"uv": [5.75, 9.25, 5.25, 11.75], "texture": "#2"}
			}
		},
		{
			"from": [14, 0, 3],
			"to": [15, 1, 13],
			"faces": {
				"north": {"uv": [7, 12.75, 7.25, 13], "texture": "#2"},
				"east": {"uv": [6.25, 10.75, 8.75, 11], "texture": "#2"},
				"south": {"uv": [12.75, 7, 13, 7.25], "texture": "#2"},
				"west": {"uv": [8.75, 10.75, 11.25, 11], "texture": "#2"},
				"up": {"uv": [3.25, 13.25, 3, 10.75], "texture": "#2"},
				"down": {"uv": [3.5, 10.75, 3.25, 13.25], "texture": "#2"}
			}
		},
		{
			"from": [3, 0, 14],
			"to": [13, 1, 15],
			"faces": {
				"north": {"uv": [0.5, 11, 3, 11.25], "texture": "#2"},
				"east": {"uv": [7.25, 12.75, 7.5, 13], "texture": "#2"},
				"south": {"uv": [6.25, 11, 8.75, 11.25], "texture": "#2"},
				"west": {"uv": [12.75, 7.25, 13, 7.5], "texture": "#2"},
				"up": {"uv": [11.25, 11.25, 8.75, 11], "texture": "#2"},
				"down": {"uv": [3, 11.25, 0.5, 11.5], "texture": "#2"}
			}
		},
		{
			"from": [1, 0, 15],
			"to": [15, 1, 20],
			"faces": {
				"north": {"uv": [9.5, 9, 13, 9.25], "texture": "#2"},
				"east": {"uv": [1.75, 12.25, 3, 12.5], "texture": "#2"},
				"south": {"uv": [5.75, 9.75, 9.25, 10], "texture": "#2"},
				"west": {"uv": [12.25, 3, 13.5, 3.25], "texture": "#2"},
				"up": {"uv": [9, 1.25, 5.5, 0], "texture": "#2"},
				"down": {"uv": [9, 1.25, 5.5, 2.5], "texture": "#2"}
			}
		},
		{
			"from": [-2, 0, 15],
			"to": [1, 1, 18],
			"faces": {
				"north": {"uv": [10.25, 12, 11, 12.25], "texture": "#2"},
				"east": {"uv": [0.5, 12.5, 1.25, 12.75], "texture": "#2"},
				"south": {"uv": [1.25, 12.5, 2, 12.75], "texture": "#2"},
				"west": {"uv": [12.5, 1.25, 13.25, 1.5], "texture": "#2"},
				"up": {"uv": [12.75, 5.25, 12, 4.5], "texture": "#2"},
				"down": {"uv": [12.75, 5.25, 12, 6], "texture": "#2"}
			}
		},
		{
			"from": [15, 0, 15],
			"to": [18, 1, 18],
			"faces": {
				"north": {"uv": [12.5, 1.5, 13.25, 1.75], "texture": "#2"},
				"east": {"uv": [12.5, 1.75, 13.25, 2], "texture": "#2"},
				"south": {"uv": [2, 12.5, 2.75, 12.75], "texture": "#2"},
				"west": {"uv": [12.5, 2, 13.25, 2.25], "texture": "#2"},
				"up": {"uv": [6.5, 12.75, 5.75, 12], "texture": "#2"},
				"down": {"uv": [12.75, 6, 12, 6.75], "texture": "#2"}
			}
		},
		{
			"from": [15, 0, -2],
			"to": [18, 1, 1],
			"faces": {
				"north": {"uv": [12.5, 2.25, 13.25, 2.5], "texture": "#2"},
				"east": {"uv": [12.5, 2.5, 13.25, 2.75], "texture": "#2"},
				"south": {"uv": [12.5, 2.75, 13.25, 3], "texture": "#2"},
				"west": {"uv": [3.5, 12.5, 4.25, 12.75], "texture": "#2"},
				"up": {"uv": [7.25, 12.75, 6.5, 12], "texture": "#2"},
				"down": {"uv": [12.75, 6.75, 12, 7.5], "texture": "#2"}
			}
		},
		{
			"from": [-2, 0, -2],
			"to": [1, 1, 1],
			"faces": {
				"north": {"uv": [4.25, 12.5, 5, 12.75], "texture": "#2"},
				"east": {"uv": [5, 12.5, 5.75, 12.75], "texture": "#2"},
				"south": {"uv": [8.75, 12.5, 9.5, 12.75], "texture": "#2"},
				"west": {"uv": [9.5, 12.5, 10.25, 12.75], "texture": "#2"},
				"up": {"uv": [8, 12.75, 7.25, 12], "texture": "#2"},
				"down": {"uv": [8.75, 12, 8, 12.75], "texture": "#2"}
			}
		},
		{
			"from": [13, 0, 1],
			"to": [15, 1, 2],
			"faces": {
				"north": {"uv": [2.5, 12.75, 3, 13], "texture": "#2"},
				"east": {"uv": [7.5, 12.75, 7.75, 13], "texture": "#2"},
				"south": {"uv": [3.5, 12.75, 4, 13], "texture": "#2"},
				"west": {"uv": [7.75, 12.75, 8, 13], "texture": "#2"},
				"up": {"uv": [4.5, 13, 4, 12.75], "texture": "#2"},
				"down": {"uv": [5, 12.75, 4.5, 13], "texture": "#2"}
			}
		},
		{
			"from": [14, 0, 2],
			"to": [15, 1, 3],
			"faces": {
				"north": {"uv": [8, 12.75, 8.25, 13], "texture": "#2"},
				"east": {"uv": [8.25, 12.75, 8.5, 13], "texture": "#2"},
				"south": {"uv": [8.5, 12.75, 8.75, 13], "texture": "#2"},
				"west": {"uv": [8.75, 12.75, 9, 13], "texture": "#2"},
				"up": {"uv": [9.25, 13, 9, 12.75], "texture": "#2"},
				"down": {"uv": [9.5, 12.75, 9.25, 13], "texture": "#2"}
			}
		},
		{
			"from": [14, 0, 13],
			"to": [15, 1, 15],
			"faces": {
				"north": {"uv": [12.75, 9.25, 13, 9.5], "texture": "#2"},
				"east": {"uv": [12.75, 4.5, 13.25, 4.75], "texture": "#2"},
				"south": {"uv": [9.5, 12.75, 9.75, 13], "texture": "#2"},
				"west": {"uv": [12.75, 4.75, 13.25, 5], "texture": "#2"},
				"up": {"uv": [8.25, 9, 8, 8.5], "texture": "#2"},
				"down": {"uv": [2.5, 9.5, 2.25, 10], "texture": "#2"}
			}
		},
		{
			"from": [13, 0, 14],
			"to": [14, 1, 15],
			"faces": {
				"north": {"uv": [12.75, 9.5, 13, 9.75], "texture": "#2"},
				"east": {"uv": [9.75, 12.75, 10, 13], "texture": "#2"},
				"south": {"uv": [12.75, 9.75, 13, 10], "texture": "#2"},
				"west": {"uv": [10, 12.75, 10.25, 13], "texture": "#2"},
				"up": {"uv": [10.5, 13, 10.25, 12.75], "texture": "#2"},
				"down": {"uv": [10.75, 12.75, 10.5, 13], "texture": "#2"}
			}
		},
		{
			"from": [1, 0, 13],
			"to": [2, 1, 14],
			"faces": {
				"north": {"uv": [10.75, 12.75, 11, 13], "texture": "#2"},
				"east": {"uv": [11, 12.75, 11.25, 13], "texture": "#2"},
				"south": {"uv": [11.25, 12.75, 11.5, 13], "texture": "#2"},
				"west": {"uv": [11.5, 12.75, 11.75, 13], "texture": "#2"},
				"up": {"uv": [12, 13, 11.75, 12.75], "texture": "#2"},
				"down": {"uv": [12.25, 12.75, 12, 13], "texture": "#2"}
			}
		},
		{
			"from": [1, 0, 14],
			"to": [3, 1, 15],
			"faces": {
				"north": {"uv": [5, 12.75, 5.5, 13], "texture": "#2"},
				"east": {"uv": [12.25, 12.75, 12.5, 13], "texture": "#2"},
				"south": {"uv": [12.75, 5, 13.25, 5.25], "texture": "#2"},
				"west": {"uv": [12.75, 12.25, 13, 12.5], "texture": "#2"},
				"up": {"uv": [13.25, 5.5, 12.75, 5.25], "texture": "#2"},
				"down": {"uv": [6, 12.75, 5.5, 13], "texture": "#2"}
			}
		},
		{
			"from": [2, 0, 1],
			"to": [3, 1, 2],
			"faces": {
				"north": {"uv": [12.5, 12.75, 12.75, 13], "texture": "#2"},
				"east": {"uv": [12.75, 12.5, 13, 12.75], "texture": "#2"},
				"south": {"uv": [12.75, 12.75, 13, 13], "texture": "#2"},
				"west": {"uv": [0, 13, 0.25, 13.25], "texture": "#2"},
				"up": {"uv": [0.5, 13.25, 0.25, 13], "texture": "#2"},
				"down": {"uv": [0.75, 13, 0.5, 13.25], "texture": "#2"}
			}
		},
		{
			"from": [1, 0, 1],
			"to": [2, 1, 3],
			"faces": {
				"north": {"uv": [0.75, 13, 1, 13.25], "texture": "#2"},
				"east": {"uv": [12.75, 5.5, 13.25, 5.75], "texture": "#2"},
				"south": {"uv": [1, 13, 1.25, 13.25], "texture": "#2"},
				"west": {"uv": [12.75, 5.75, 13.25, 6], "texture": "#2"},
				"up": {"uv": [3, 12, 2.75, 11.5], "texture": "#2"},
				"down": {"uv": [6.25, 12.75, 6, 13.25], "texture": "#2"}
			}
		},
		{
			"from": [1, 0, -4],
			"to": [15, 1, 1],
			"faces": {
				"north": {"uv": [9.25, 9.75, 12.75, 10], "texture": "#2"},
				"east": {"uv": [12.25, 3.25, 13.5, 3.5], "texture": "#2"},
				"south": {"uv": [10, 0, 13.5, 0.25], "texture": "#2"},
				"west": {"uv": [12.25, 3.5, 13.5, 3.75], "texture": "#2"},
				"up": {"uv": [9, 3.75, 5.5, 2.5], "texture": "#2"},
				"down": {"uv": [9, 3.75, 5.5, 5], "texture": "#2"}
			}
		},
		{
			"from": [15, 0, 1],
			"to": [20, 1, 15],
			"faces": {
				"north": {"uv": [12.25, 3.75, 13.5, 4], "texture": "#2"},
				"east": {"uv": [10, 0.25, 13.5, 0.5], "texture": "#2"},
				"south": {"uv": [12.25, 4, 13.5, 4.25], "texture": "#2"},
				"west": {"uv": [10, 0.5, 13.5, 0.75], "texture": "#2"},
				"up": {"uv": [1.25, 9.5, 0, 6], "texture": "#2"},
				"down": {"uv": [2.5, 6, 1.25, 9.5], "texture": "#2"}
			}
		},
		{
			"from": [-4, 0, 1],
			"to": [1, 1, 15],
			"faces": {
				"north": {"uv": [12.25, 4.25, 13.5, 4.5], "texture": "#2"},
				"east": {"uv": [10, 0.75, 13.5, 1], "texture": "#2"},
				"south": {"uv": [12.25, 8, 13.5, 8.25], "texture": "#2"},
				"west": {"uv": [10, 1, 13.5, 1.25], "texture": "#2"},
				"up": {"uv": [8.25, 8.5, 7, 5], "texture": "#2"},
				"down": {"uv": [3.75, 7.25, 2.5, 10.75], "texture": "#2"}
			}
		}
	],
	"display": {
		"thirdperson_righthand": {
			"rotation": [53.97, -39.16, 0],
			"translation": [0.75, 0.75, 1.25],
			"scale": [0.25, 0.25, 0.25]
		},
		"thirdperson_lefthand": {
			"rotation": [53.97, -39.16, 0],
			"translation": [0.75, 0.75, 1.25],
			"scale": [0.25, 0.25, 0.25]
		},
		"firstperson_righthand": {
			"rotation": [0, 75, 0],
			"translation": [4.75, 4.5, 0]
		},
		"firstperson_lefthand": {
			"rotation": [0, 58.5, 0],
			"translation": [5, 4.75, 1.25]
		},
		"ground": {
			"translation": [0, 10.25, 0]
		},
		"gui": {
			"rotation": [0, 81.75, 0],
			"translation": [0.5, 3.75, 0],
			"scale": [0.75, 0.75, 0.75]
		},
		"head": {
			"rotation": [-173, 3.5, 180],
			"translation": [0, 14.75, 2],
			"scale": [1.25, 1.25, 1.25]
		},
		"fixed": {
			"rotation": [-89.75, 87.25, 0],
			"translation": [0.25, 0.5, -8]
		}
	},
	"groups": [
		{
			"name": "group",
			"origin": [0, 0, 0],
			"color": 0,
			"children": [
				0,
				1,
				2,
				3,
				4,
				5,
				6,
				7,
				8,
				9,
				10,
				11,
				12,
				13,
				14,
				15,
				16,
				17,
				18,
				19,
				20,
				21,
				22,
				23,
				24,
				25,
				26,
				27,
				28,
				29,
				30,
				31,
				32,
				33,
				34,
				35,
				36,
				37,
				38,
				39,
				40,
				41,
				42,
				43,
				44,
				45,
				46,
				47,
				48,
				49,
				50,
				51,
				52,
				53,
				54,
				55,
				56,
				57,
				58
			]
		}
	]
}