{
	"credit": "Made with Blockbench",
	"texture_size": [64, 64],
	"textures": {
		"2": "./flowerywitch",
		"particle": "./flowerywitch"
	},
	"elements": [
		{
			"from": [-4, 0, 1],
			"to": [1, 1, 15],
			"faces": {
				"north": {"uv": [8, 11.25, 9.25, 11.5], "texture": "#2"},
				"east": {"uv": [10.25, 3, 13.75, 3.25], "texture": "#2"},
				"south": {"uv": [11.5, 0.75, 12.75, 1], "texture": "#2"},
				"west": {"uv": [10.25, 3.25, 13.75, 3.5], "texture": "#2"},
				"up": {"uv": [4.25, 8.5, 3, 5], "texture": "#2"},
				"down": {"uv": [5.5, 5, 4.25, 8.5], "texture": "#2"}
			}
		},
		{
			"from": [2, 0, 2],
			"to": [14, 3, 14],
			"faces": {
				"north": {"uv": [0, 8, 3, 8.75], "texture": "#2"},
				"east": {"uv": [3, 8.5, 6, 9.25], "texture": "#2"},
				"south": {"uv": [6, 8.5, 9, 9.25], "texture": "#2"},
				"west": {"uv": [0, 8.75, 3, 9.5], "texture": "#2"},
				"up": {"uv": [3, 3, 0, 0], "texture": "#2"},
				"down": {"uv": [3, 3, 0, 6], "texture": "#2"}
			}
		},
		{
			"from": [3, 3, 3],
			"to": [13, 4, 13],
			"faces": {
				"north": {"uv": [3.5, 10.25, 6, 10.5], "texture": "#2"},
				"east": {"uv": [10.25, 8.5, 12.75, 8.75], "texture": "#2"},
				"south": {"uv": [10.25, 8.75, 12.75, 9], "texture": "#2"},
				"west": {"uv": [10.25, 9, 12.75, 9.25], "texture": "#2"},
				"up": {"uv": [5.5, 2.5, 3, 0], "texture": "#2"},
				"down": {"uv": [5.5, 2.5, 3, 5], "texture": "#2"}
			}
		},
		{
			"from": [4, 4, 4],
			"to": [12, 5, 12],
			"faces": {
				"north": {"uv": [6.75, 9.25, 8.75, 9.5], "texture": "#2"},
				"east": {"uv": [10.25, 9.25, 12.25, 9.5], "texture": "#2"},
				"south": {"uv": [10.5, 6.5, 12.5, 6.75], "texture": "#2"},
				"west": {"uv": [10.5, 6.75, 12.5, 7], "texture": "#2"},
				"up": {"uv": [2, 8, 0, 6], "texture": "#2"},
				"down": {"uv": [8.75, 5, 6.75, 7], "texture": "#2"}
			}
		},
		{
			"from": [3.6, 5, 5],
			"to": [11, 6, 11],
			"faces": {
				"north": {"uv": [10.75, 2.75, 12.625, 3], "texture": "#2"},
				"east": {"uv": [11.25, 11, 12.75, 11.25], "texture": "#2"},
				"south": {"uv": [9.75, 11.25, 11.625, 11.5], "texture": "#2"},
				"west": {"uv": [11.5, 0.5, 13, 0.75], "texture": "#2"},
				"up": {"uv": [7.375, 8.5, 5.5, 7], "texture": "#2"},
				"down": {"uv": [9.375, 7, 7.5, 8.5], "texture": "#2"}
			}
		},
		{
			"from": [3.3, 6, 6],
			"to": [10, 7, 10],
			"faces": {
				"north": {"uv": [11.25, 10.5, 12.875, 10.75], "texture": "#2"},
				"east": {"uv": [9.75, 11.5, 10.75, 11.75], "texture": "#2"},
				"south": {"uv": [11.25, 10.75, 12.875, 11], "texture": "#2"},
				"west": {"uv": [10.75, 11.5, 11.75, 11.75], "texture": "#2"},
				"up": {"uv": [10.375, 6, 8.75, 5], "texture": "#2"},
				"down": {"uv": [10.375, 6, 8.75, 7], "texture": "#2"}
			}
		},
		{
			"from": [2.8, 7, 5],
			"to": [8, 8, 9],
			"faces": {
				"north": {"uv": [11.5, 1, 12.75, 1.25], "texture": "#2"},
				"east": {"uv": [8, 11.75, 9, 12], "texture": "#2"},
				"south": {"uv": [11.5, 1.25, 12.75, 1.5], "texture": "#2"},
				"west": {"uv": [11.75, 9.5, 12.75, 9.75], "texture": "#2"},
				"up": {"uv": [10.25, 9.5, 9, 8.5], "texture": "#2"},
				"down": {"uv": [4.25, 9.25, 3, 10.25], "texture": "#2"}
			}
		},
		{
			"from": [4, 8, 4],
			"to": [7, 9, 8],
			"faces": {
				"north": {"uv": [4, 12, 4.75, 12.25], "texture": "#2"},
				"east": {"uv": [9.75, 11.75, 10.75, 12], "texture": "#2"},
				"south": {"uv": [4.75, 12, 5.5, 12.25], "texture": "#2"},
				"west": {"uv": [11.75, 9.75, 12.75, 10], "texture": "#2"},
				"up": {"uv": [2.75, 7, 2, 6], "texture": "#2"},
				"down": {"uv": [2.75, 7, 2, 8], "texture": "#2"}
			}
		},
		{
			"from": [3, 9, 4],
			"to": [6, 10, 7],
			"faces": {
				"north": {"uv": [12, 5, 12.75, 5.25], "texture": "#2"},
				"east": {"uv": [12, 5.25, 12.75, 5.5], "texture": "#2"},
				"south": {"uv": [12, 5.5, 12.75, 5.75], "texture": "#2"},
				"west": {"uv": [12, 5.75, 12.75, 6], "texture": "#2"},
				"up": {"uv": [6.75, 11, 6, 10.25], "texture": "#2"},
				"down": {"uv": [0.75, 10.5, 0, 11.25], "texture": "#2"}
			}
		},
		{
			"from": [2, 10, 3],
			"to": [4, 11, 5],
			"faces": {
				"north": {"uv": [6.25, 12.25, 6.75, 12.5], "texture": "#2"},
				"east": {"uv": [6.75, 12.25, 7.25, 12.5], "texture": "#2"},
				"south": {"uv": [7.25, 12.25, 7.75, 12.5], "texture": "#2"},
				"west": {"uv": [7.75, 12.25, 8.25, 12.5], "texture": "#2"},
				"up": {"uv": [6.25, 12.25, 5.75, 11.75], "texture": "#2"},
				"down": {"uv": [11.25, 11.75, 10.75, 12.25], "texture": "#2"}
			}
		},
		{
			"from": [1.7, 8.5, 2.5],
			"to": [3.7, 10.5, 2.5],
			"rotation": {"angle": -22.5, "axis": "y", "origin": [0, 0, 0]},
			"faces": {
				"north": {"uv": [11.25, 11.75, 11.75, 12.25], "texture": "#2"},
				"east": {"uv": [0, 0, 0, 0.5], "texture": "#2"},
				"south": {"uv": [11.75, 11.25, 12.25, 11.75], "texture": "#2"},
				"west": {"uv": [0, 0, 0, 0.5], "texture": "#2"},
				"up": {"uv": [0.5, 0, 0, 0], "texture": "#2"},
				"down": {"uv": [0.5, 0, 0, 0], "texture": "#2"}
			}
		},
		{
			"from": [3, 0, 0],
			"to": [13, 2, 2],
			"faces": {
				"north": {"uv": [4.25, 9.25, 6.75, 9.75], "texture": "#2"},
				"east": {"uv": [11.75, 11.75, 12.25, 12.25], "texture": "#2"},
				"south": {"uv": [0, 9.5, 2.5, 10], "texture": "#2"},
				"west": {"uv": [0, 12, 0.5, 12.5], "texture": "#2"},
				"up": {"uv": [9.25, 10, 6.75, 9.5], "texture": "#2"},
				"down": {"uv": [12, 7, 9.5, 7.5], "texture": "#2"}
			}
		},
		{
			"from": [3, 0, 14],
			"to": [13, 2, 16],
			"faces": {
				"north": {"uv": [9.5, 7.5, 12, 8], "texture": "#2"},
				"east": {"uv": [0.5, 12, 1, 12.5], "texture": "#2"},
				"south": {"uv": [9.5, 8, 12, 8.5], "texture": "#2"},
				"west": {"uv": [1, 12, 1.5, 12.5], "texture": "#2"},
				"up": {"uv": [11.75, 10, 9.25, 9.5], "texture": "#2"},
				"down": {"uv": [6.75, 9.75, 4.25, 10.25], "texture": "#2"}
			}
		},
		{
			"from": [15, 0, 1],
			"to": [20, 1, 15],
			"faces": {
				"north": {"uv": [11.5, 1.5, 12.75, 1.75], "texture": "#2"},
				"east": {"uv": [10.25, 3.5, 13.75, 3.75], "texture": "#2"},
				"south": {"uv": [11.5, 1.75, 12.75, 2], "texture": "#2"},
				"west": {"uv": [10.25, 3.75, 13.75, 4], "texture": "#2"},
				"up": {"uv": [6.75, 3.5, 5.5, 0], "texture": "#2"},
				"down": {"uv": [6.75, 3.5, 5.5, 7], "texture": "#2"}
			}
		},
		{
			"from": [15, 0, -2],
			"to": [18, 1, 1],
			"faces": {
				"north": {"uv": [12, 6, 12.75, 6.25], "texture": "#2"},
				"east": {"uv": [6.25, 12, 7, 12.25], "texture": "#2"},
				"south": {"uv": [12, 6.25, 12.75, 6.5], "texture": "#2"},
				"west": {"uv": [7, 12, 7.75, 12.25], "texture": "#2"},
				"up": {"uv": [1.5, 11.25, 0.75, 10.5], "texture": "#2"},
				"down": {"uv": [2.25, 10.5, 1.5, 11.25], "texture": "#2"}
			}
		},
		{
			"from": [-2, 0, -2],
			"to": [1, 1, 1],
			"faces": {
				"north": {"uv": [12, 7, 12.75, 7.25], "texture": "#2"},
				"east": {"uv": [12, 7.25, 12.75, 7.5], "texture": "#2"},
				"south": {"uv": [12, 7.5, 12.75, 7.75], "texture": "#2"},
				"west": {"uv": [7.75, 12, 8.5, 12.25], "texture": "#2"},
				"up": {"uv": [4.25, 11.25, 3.5, 10.5], "texture": "#2"},
				"down": {"uv": [5, 10.5, 4.25, 11.25], "texture": "#2"}
			}
		},
		{
			"from": [-2, 0, 15],
			"to": [1, 1, 18],
			"faces": {
				"north": {"uv": [12, 7.75, 12.75, 8], "texture": "#2"},
				"east": {"uv": [12, 8, 12.75, 8.25], "texture": "#2"},
				"south": {"uv": [12, 8.25, 12.75, 8.5], "texture": "#2"},
				"west": {"uv": [8.5, 12, 9.25, 12.25], "texture": "#2"},
				"up": {"uv": [5.75, 11.25, 5, 10.5], "texture": "#2"},
				"down": {"uv": [11.25, 5, 10.5, 5.75], "texture": "#2"}
			}
		},
		{
			"from": [1, -3, 20],
			"to": [4, 0, 20],
			"faces": {
				"north": {"uv": [10.5, 5.75, 11.25, 6.5], "texture": "#2"},
				"east": {"uv": [0, 0, 0, 0.75], "texture": "#2"},
				"south": {"uv": [6.75, 10.5, 7.5, 11.25], "texture": "#2"},
				"west": {"uv": [0, 0, 0, 0.75], "texture": "#2"},
				"up": {"uv": [0.75, 0, 0, 0], "texture": "#2"},
				"down": {"uv": [0.75, 0, 0, 0], "texture": "#2"}
			}
		},
		{
			"from": [-2.2, -3, -1.9],
			"to": [-2.2, 0, 1.1],
			"rotation": {"angle": -22.5, "axis": "y", "origin": [0, 0, 0]},
			"faces": {
				"north": {"uv": [0, 0, 0, 0.75], "texture": "#2"},
				"east": {"uv": [7.5, 10.5, 8.25, 11.25], "texture": "#2"},
				"south": {"uv": [0, 0, 0, 0.75], "texture": "#2"},
				"west": {"uv": [8.25, 10.5, 9, 11.25], "texture": "#2"},
				"up": {"uv": [0, 0.75, 0, 0], "texture": "#2"},
				"down": {"uv": [0, 0, 0, 0.75], "texture": "#2"}
			}
		},
		{
			"from": [10, -3, 20],
			"to": [13, 0, 20],
			"faces": {
				"north": {"uv": [9.75, 10.5, 10.5, 11.25], "texture": "#2"},
				"east": {"uv": [0, 0, 0, 0.75], "texture": "#2"},
				"south": {"uv": [10.5, 10.5, 11.25, 11.25], "texture": "#2"},
				"west": {"uv": [0, 0, 0, 0.75], "texture": "#2"},
				"up": {"uv": [0.75, 0, 0, 0], "texture": "#2"},
				"down": {"uv": [0.75, 0, 0, 0], "texture": "#2"}
			}
		},
		{
			"from": [5, -3, -4],
			"to": [8, 0, -4],
			"faces": {
				"north": {"uv": [10.75, 0.5, 11.5, 1.25], "texture": "#2"},
				"east": {"uv": [0, 0, 0, 0.75], "texture": "#2"},
				"south": {"uv": [10.75, 1.25, 11.5, 2], "texture": "#2"},
				"west": {"uv": [0, 0, 0, 0.75], "texture": "#2"},
				"up": {"uv": [0.75, 0, 0, 0], "texture": "#2"},
				"down": {"uv": [0.75, 0, 0, 0], "texture": "#2"}
			}
		},
		{
			"from": [20, -3, 3],
			"to": [20, 0, 6],
			"faces": {
				"north": {"uv": [0, 0, 0, 0.75], "texture": "#2"},
				"east": {"uv": [10.75, 2, 11.5, 2.75], "texture": "#2"},
				"south": {"uv": [0, 0, 0, 0.75], "texture": "#2"},
				"west": {"uv": [5.75, 11, 6.5, 11.75], "texture": "#2"},
				"up": {"uv": [0, 0.75, 0, 0], "texture": "#2"},
				"down": {"uv": [0, 0, 0, 0.75], "texture": "#2"}
			}
		},
		{
			"from": [-4, -3, 9],
			"to": [-4, 0, 12],
			"faces": {
				"north": {"uv": [0, 0, 0, 0.75], "texture": "#2"},
				"east": {"uv": [0, 11.25, 0.75, 12], "texture": "#2"},
				"south": {"uv": [0, 0, 0, 0.75], "texture": "#2"},
				"west": {"uv": [0.75, 11.25, 1.5, 12], "texture": "#2"},
				"up": {"uv": [0, 0.75, 0, 0], "texture": "#2"},
				"down": {"uv": [0, 0, 0, 0.75], "texture": "#2"}
			}
		},
		{
			"from": [15, 0, 15],
			"to": [18, 1, 18],
			"faces": {
				"north": {"uv": [9.75, 12, 10.5, 12.25], "texture": "#2"},
				"east": {"uv": [4, 12.25, 4.75, 12.5], "texture": "#2"},
				"south": {"uv": [4.75, 12.25, 5.5, 12.5], "texture": "#2"},
				"west": {"uv": [5.5, 12.25, 6.25, 12.5], "texture": "#2"},
				"up": {"uv": [2.25, 12, 1.5, 11.25], "texture": "#2"},
				"down": {"uv": [4.25, 11.25, 3.5, 12], "texture": "#2"}
			}
		},
		{
			"from": [1, 0, 14],
			"to": [3, 1, 15],
			"faces": {
				"north": {"uv": [8.25, 12.25, 8.75, 12.5], "texture": "#2"},
				"east": {"uv": [8.75, 9.25, 9, 9.5], "texture": "#2"},
				"south": {"uv": [8.75, 12.25, 9.25, 12.5], "texture": "#2"},
				"west": {"uv": [2.25, 10.5, 2.5, 10.75], "texture": "#2"},
				"up": {"uv": [12.75, 9.5, 12.25, 9.25], "texture": "#2"},
				"down": {"uv": [10.25, 12.25, 9.75, 12.5], "texture": "#2"}
			}
		},
		{
			"from": [1, 0, 13],
			"to": [2, 1, 14],
			"faces": {
				"north": {"uv": [5.75, 10.5, 6, 10.75], "texture": "#2"},
				"east": {"uv": [9, 10.5, 9.25, 10.75], "texture": "#2"},
				"south": {"uv": [2.25, 10.75, 2.5, 11], "texture": "#2"},
				"west": {"uv": [5.75, 10.75, 6, 11], "texture": "#2"},
				"up": {"uv": [9.25, 11, 9, 10.75], "texture": "#2"},
				"down": {"uv": [2.5, 11, 2.25, 11.25], "texture": "#2"}
			}
		},
		{
			"from": [13, 0, 14],
			"to": [14, 1, 15],
			"faces": {
				"north": {"uv": [6.5, 11, 6.75, 11.25], "texture": "#2"},
				"east": {"uv": [9, 11, 9.25, 11.25], "texture": "#2"},
				"south": {"uv": [2.25, 11.25, 2.5, 11.5], "texture": "#2"},
				"west": {"uv": [2.25, 11.5, 2.5, 11.75], "texture": "#2"},
				"up": {"uv": [2.5, 12, 2.25, 11.75], "texture": "#2"},
				"down": {"uv": [6.5, 11.75, 6.25, 12], "texture": "#2"}
			}
		},
		{
			"from": [14, 0, 13],
			"to": [15, 1, 15],
			"faces": {
				"north": {"uv": [9, 11.75, 9.25, 12], "texture": "#2"},
				"east": {"uv": [12.25, 10, 12.75, 10.25], "texture": "#2"},
				"south": {"uv": [5.5, 12, 5.75, 12.25], "texture": "#2"},
				"west": {"uv": [10.25, 12.25, 10.75, 12.5], "texture": "#2"},
				"up": {"uv": [3, 6.5, 2.75, 6], "texture": "#2"},
				"down": {"uv": [3, 6.5, 2.75, 7], "texture": "#2"}
			}
		},
		{
			"from": [14, 0, 2],
			"to": [15, 1, 3],
			"faces": {
				"north": {"uv": [10.5, 12, 10.75, 12.25], "texture": "#2"},
				"east": {"uv": [12.25, 11.75, 12.5, 12], "texture": "#2"},
				"south": {"uv": [12.25, 12, 12.5, 12.25], "texture": "#2"},
				"west": {"uv": [12.25, 12.25, 12.5, 12.5], "texture": "#2"},
				"up": {"uv": [0.25, 12.75, 0, 12.5], "texture": "#2"},
				"down": {"uv": [0.5, 12.5, 0.25, 12.75], "texture": "#2"}
			}
		},
		{
			"from": [13, 0, 1],
			"to": [15, 1, 2],
			"faces": {
				"north": {"uv": [12.25, 10.25, 12.75, 10.5], "texture": "#2"},
				"east": {"uv": [0.5, 12.5, 0.75, 12.75], "texture": "#2"},
				"south": {"uv": [10.75, 12.25, 11.25, 12.5], "texture": "#2"},
				"west": {"uv": [0.75, 12.5, 1, 12.75], "texture": "#2"},
				"up": {"uv": [11.75, 12.5, 11.25, 12.25], "texture": "#2"},
				"down": {"uv": [12.75, 11.25, 12.25, 11.5], "texture": "#2"}
			}
		},
		{
			"from": [2, 0, 1],
			"to": [3, 1, 2],
			"faces": {
				"north": {"uv": [1, 12.5, 1.25, 12.75], "texture": "#2"},
				"east": {"uv": [1.25, 12.5, 1.5, 12.75], "texture": "#2"},
				"south": {"uv": [1.5, 12.5, 1.75, 12.75], "texture": "#2"},
				"west": {"uv": [1.75, 12.5, 2, 12.75], "texture": "#2"},
				"up": {"uv": [2.25, 12.75, 2, 12.5], "texture": "#2"},
				"down": {"uv": [2.5, 12.5, 2.25, 12.75], "texture": "#2"}
			}
		},
		{
			"from": [1, 0, 1],
			"to": [2, 1, 3],
			"faces": {
				"north": {"uv": [2.5, 12.5, 2.75, 12.75], "texture": "#2"},
				"east": {"uv": [12.25, 11.5, 12.75, 11.75], "texture": "#2"},
				"south": {"uv": [2.75, 12.5, 3, 12.75], "texture": "#2"},
				"west": {"uv": [11.75, 12.25, 12.25, 12.5], "texture": "#2"},
				"up": {"uv": [3, 7.5, 2.75, 7], "texture": "#2"},
				"down": {"uv": [3, 7.5, 2.75, 8], "texture": "#2"}
			}
		},
		{
			"from": [1, 0, -4],
			"to": [15, 1, 1],
			"faces": {
				"north": {"uv": [10.25, 4, 13.75, 4.25], "texture": "#2"},
				"east": {"uv": [11.5, 2, 12.75, 2.25], "texture": "#2"},
				"south": {"uv": [10.25, 4.25, 13.75, 4.5], "texture": "#2"},
				"west": {"uv": [11.5, 2.25, 12.75, 2.5], "texture": "#2"},
				"up": {"uv": [10.25, 1.25, 6.75, 0], "texture": "#2"},
				"down": {"uv": [10.25, 1.25, 6.75, 2.5], "texture": "#2"}
			}
		},
		{
			"from": [1, 0, 15],
			"to": [15, 1, 20],
			"faces": {
				"north": {"uv": [10.25, 4.5, 13.75, 4.75], "texture": "#2"},
				"east": {"uv": [11.5, 2.5, 12.75, 2.75], "texture": "#2"},
				"south": {"uv": [10.25, 4.75, 13.75, 5], "texture": "#2"},
				"west": {"uv": [8, 11.5, 9.25, 11.75], "texture": "#2"},
				"up": {"uv": [10.25, 3.75, 6.75, 2.5], "texture": "#2"},
				"down": {"uv": [10.25, 3.75, 6.75, 5], "texture": "#2"}
			}
		},
		{
			"from": [0, 0, 3],
			"to": [2, 2, 13],
			"faces": {
				"north": {"uv": [1.5, 12, 2, 12.5], "texture": "#2"},
				"east": {"uv": [0, 10, 2.5, 10.5], "texture": "#2"},
				"south": {"uv": [2, 12, 2.5, 12.5], "texture": "#2"},
				"west": {"uv": [6.75, 10, 9.25, 10.5], "texture": "#2"},
				"up": {"uv": [3, 12, 2.5, 9.5], "texture": "#2"},
				"down": {"uv": [9.75, 10, 9.25, 12.5], "texture": "#2"}
			}
		},
		{
			"from": [14, 0, 3],
			"to": [16, 2, 13],
			"faces": {
				"north": {"uv": [2.5, 12, 3, 12.5], "texture": "#2"},
				"east": {"uv": [9.75, 10, 12.25, 10.5], "texture": "#2"},
				"south": {"uv": [3.5, 12, 4, 12.5], "texture": "#2"},
				"west": {"uv": [10.25, 0, 12.75, 0.5], "texture": "#2"},
				"up": {"uv": [10.75, 3, 10.25, 0.5], "texture": "#2"},
				"down": {"uv": [3.5, 10.25, 3, 12.75], "texture": "#2"}
			}
		},
		{
			"from": [12.5, 0.6, 4],
			"to": [12.5, 3.6, 7],
			"rotation": {"angle": 22.5, "axis": "z", "origin": [0, 0, 0]},
			"faces": {
				"north": {"uv": [0, 0, 0, 0.75], "texture": "#2"},
				"east": {"uv": [4.25, 11.25, 5, 12], "texture": "#2"},
				"south": {"uv": [0, 0, 0, 0.75], "texture": "#2"},
				"west": {"uv": [5, 11.25, 5.75, 12], "texture": "#2"},
				"up": {"uv": [0, 0.75, 0, 0], "texture": "#2"},
				"down": {"uv": [0, 0, 0, 0.75], "texture": "#2"}
			}
		},
		{
			"from": [4, -2.3, 13.6],
			"to": [7, 0.7, 13.6],
			"rotation": {"angle": -22.5, "axis": "x", "origin": [0, 0, 0]},
			"faces": {
				"north": {"uv": [11.25, 5, 12, 5.75], "texture": "#2"},
				"east": {"uv": [0, 0, 0, 0.75], "texture": "#2"},
				"south": {"uv": [11.25, 5.75, 12, 6.5], "texture": "#2"},
				"west": {"uv": [0, 0, 0, 0.75], "texture": "#2"},
				"up": {"uv": [0.75, 0, 0, 0], "texture": "#2"},
				"down": {"uv": [0.75, 0, 0, 0], "texture": "#2"}
			}
		},
		{
			"from": [4, 5.1, 1.7],
			"to": [7, 8.1, 1.7],
			"rotation": {"angle": 22.5, "axis": "x", "origin": [0, 0, 0]},
			"faces": {
				"north": {"uv": [6.5, 11.25, 7.25, 12], "texture": "#2"},
				"east": {"uv": [0, 0, 0, 0.75], "texture": "#2"},
				"south": {"uv": [7.25, 11.25, 8, 12], "texture": "#2"},
				"west": {"uv": [0, 0, 0, 0.75], "texture": "#2"},
				"up": {"uv": [0.75, 0, 0, 0], "texture": "#2"},
				"down": {"uv": [0.75, 0, 0, 0], "texture": "#2"}
			}
		}
	],
	"display": {
		"head": {
			"rotation": [174.92, -9.88, -174.5],
			"translation": [1.5, 15.75, -0.75],
			"scale": [1.25, 1.25, 1.25]
		}
	},
	"groups": [
		{
			"name": "group",
			"origin": [0, 0, 0],
			"color": 0,
			"children": [0, 1, 2, 3, 4, 5, 6, 7, 8, 9, 10, 11, 12, 13, 14, 15, 16, 17, 18, 19, 20, 21, 22, 23, 24, 25, 26, 27, 28, 29, 30, 31, 32, 33, 34, 35, 36, 37, 38]
		}
	]
}