{
	"credit": "Made with Blockbench",
	"texture_size": [32, 32],
	"textures": {
		"1": "sundaycaremask"
	},
	"elements": [
		{
			"from": [2, 8, 3],
			"to": [2, 10, 17],
			"faces": {
				"north": {"uv": [0, 0, 0, 1], "texture": "#1"},
				"east": {"uv": [5, 0, 12, 1], "texture": "#1"},
				"south": {"uv": [0, 0, 0, 1], "texture": "#1"},
				"west": {"uv": [5, 1, 12, 2], "texture": "#1"},
				"up": {"uv": [0, 7, 0, 0], "texture": "#1"},
				"down": {"uv": [0, 0, 0, 7], "texture": "#1"}
			}
		},
		{
			"from": [2, 8, 17],
			"to": [14, 10, 17],
			"faces": {
				"north": {"uv": [5, 4, 11, 5], "texture": "#1"},
				"east": {"uv": [0, 0, 0, 1], "texture": "#1"},
				"south": {"uv": [5, 5, 11, 6], "texture": "#1"},
				"west": {"uv": [0, 0, 0, 1], "texture": "#1"},
				"up": {"uv": [6, 0, 0, 0], "texture": "#1"},
				"down": {"uv": [6, 0, 0, 0], "texture": "#1"}
			}
		},
		{
			"from": [14, 8, 3],
			"to": [14, 10, 17],
			"faces": {
				"north": {"uv": [0, 0, 0, 1], "texture": "#1"},
				"east": {"uv": [5, 2, 12, 3], "texture": "#1"},
				"south": {"uv": [0, 0, 0, 1], "texture": "#1"},
				"west": {"uv": [5, 3, 12, 4], "texture": "#1"},
				"up": {"uv": [0, 7, 0, 0], "texture": "#1"},
				"down": {"uv": [0, 0, 0, 7], "texture": "#1"}
			}
		},
		{
			"from": [3, 4, 3],
			"to": [13, 14, 4],
			"faces": {
				"north": {"uv": [0, 0, 5, 5], "texture": "#1"},
				"east": {"uv": [5, 6, 5.5, 11], "texture": "#1"},
				"south": {"uv": [0, 5, 5, 10], "texture": "#1"},
				"west": {"uv": [5.5, 6, 6, 11], "texture": "#1"},
				"up": {"uv": [11, 6.5, 6, 6], "texture": "#1"},
				"down": {"uv": [11, 6.5, 6, 7], "texture": "#1"}
			}
		},
		{
			"from": [4, 3, 3],
			"to": [12, 4, 4],
			"faces": {
				"north": {"uv": [6, 7, 10, 7.5], "texture": "#1"},
				"east": {"uv": [13, 5, 13.5, 5.5], "texture": "#1"},
				"south": {"uv": [6, 7.5, 10, 8], "texture": "#1"},
				"west": {"uv": [13, 5.5, 13.5, 6], "texture": "#1"},
				"up": {"uv": [10, 8.5, 6, 8], "texture": "#1"},
				"down": {"uv": [10, 8.5, 6, 9], "texture": "#1"}
			}
		},
		{
			"from": [4, 14, 3],
			"to": [12, 15, 4],
			"faces": {
				"north": {"uv": [6, 9, 10, 9.5], "texture": "#1"},
				"east": {"uv": [6, 13, 6.5, 13.5], "texture": "#1"},
				"south": {"uv": [6, 9.5, 10, 10], "texture": "#1"},
				"west": {"uv": [13, 6, 13.5, 6.5], "texture": "#1"},
				"up": {"uv": [4, 10.5, 0, 10], "texture": "#1"},
				"down": {"uv": [10, 10, 6, 10.5], "texture": "#1"}
			}
		},
		{
			"from": [2, 5, 3],
			"to": [3, 13, 4],
			"faces": {
				"north": {"uv": [4, 10, 4.5, 14], "texture": "#1"},
				"east": {"uv": [4.5, 10, 5, 14], "texture": "#1"},
				"south": {"uv": [10, 7, 10.5, 11], "texture": "#1"},
				"west": {"uv": [0, 10.5, 0.5, 14.5], "texture": "#1"},
				"up": {"uv": [7, 13.5, 6.5, 13], "texture": "#1"},
				"down": {"uv": [13.5, 6.5, 13, 7], "texture": "#1"}
			}
		},
		{
			"from": [14, 11.6, 3],
			"to": [15, 14, 4],
			"faces": {
				"north": {"uv": [8, 11, 8.5, 12.25], "texture": "#1"},
				"east": {"uv": [8.5, 11, 9, 12.25], "texture": "#1"},
				"south": {"uv": [11, 9.5, 11.5, 10.75], "texture": "#1"},
				"west": {"uv": [10, 11, 10.5, 12.25], "texture": "#1"},
				"up": {"uv": [7.5, 13.5, 7, 13], "texture": "#1"},
				"down": {"uv": [13.5, 7, 13, 7.5], "texture": "#1"}
			}
		},
		{
			"from": [13, 13, 3],
			"to": [14, 14, 4],
			"faces": {
				"north": {"uv": [7.5, 13, 8, 13.5], "texture": "#1"},
				"east": {"uv": [8, 13, 8.5, 13.5], "texture": "#1"},
				"south": {"uv": [8.5, 13, 9, 13.5], "texture": "#1"},
				"west": {"uv": [13, 8.5, 13.5, 9], "texture": "#1"},
				"up": {"uv": [13.5, 9.5, 13, 9], "texture": "#1"},
				"down": {"uv": [10, 13, 9.5, 13.5], "texture": "#1"}
			}
		},
		{
			"from": [13.8, 14, 3],
			"to": [15, 15, 4],
			"faces": {
				"north": {"uv": [13, 9.5, 13.5, 10], "texture": "#1"},
				"east": {"uv": [13, 10, 13.5, 10.5], "texture": "#1"},
				"south": {"uv": [10.5, 13, 11, 13.5], "texture": "#1"},
				"west": {"uv": [13, 10.5, 13.5, 11], "texture": "#1"},
				"up": {"uv": [13.5, 11.5, 13, 11], "texture": "#1"},
				"down": {"uv": [13.5, 11.5, 13, 12], "texture": "#1"}
			}
		},
		{
			"from": [15, 12.9, 3],
			"to": [16, 15, 4],
			"faces": {
				"north": {"uv": [12, 3, 12.5, 4], "texture": "#1"},
				"east": {"uv": [9.5, 12, 10, 13], "texture": "#1"},
				"south": {"uv": [12, 9.5, 12.5, 10.5], "texture": "#1"},
				"west": {"uv": [10.5, 12, 11, 13], "texture": "#1"},
				"up": {"uv": [13.5, 12.5, 13, 12], "texture": "#1"},
				"down": {"uv": [13, 13, 12.5, 13.5], "texture": "#1"}
			}
		},
		{
			"from": [13.8, 3, 3],
			"to": [15, 4, 4],
			"faces": {
				"north": {"uv": [13, 13, 13.5, 13.5], "texture": "#1"},
				"east": {"uv": [2.5, 13.5, 3, 14], "texture": "#1"},
				"south": {"uv": [3, 13.5, 3.5, 14], "texture": "#1"},
				"west": {"uv": [3.5, 13.5, 4, 14], "texture": "#1"},
				"up": {"uv": [5.5, 14, 5, 13.5], "texture": "#1"},
				"down": {"uv": [14, 5, 13.5, 5.5], "texture": "#1"}
			}
		},
		{
			"from": [14, 4, 3],
			"to": [15, 6.4, 4],
			"faces": {
				"north": {"uv": [11, 11, 11.5, 12.25], "texture": "#1"},
				"east": {"uv": [5, 11.5, 5.5, 12.75], "texture": "#1"},
				"south": {"uv": [5.5, 11.5, 6, 12.75], "texture": "#1"},
				"west": {"uv": [6, 11.5, 6.5, 12.75], "texture": "#1"},
				"up": {"uv": [6, 14, 5.5, 13.5], "texture": "#1"},
				"down": {"uv": [14, 5.5, 13.5, 6], "texture": "#1"}
			}
		},
		{
			"from": [15, 3, 3],
			"to": [16, 4.9, 4],
			"faces": {
				"north": {"uv": [12, 10.5, 12.5, 11.5], "texture": "#1"},
				"east": {"uv": [12, 11.5, 12.5, 12.5], "texture": "#1"},
				"south": {"uv": [12.5, 0, 13, 1], "texture": "#1"},
				"west": {"uv": [12.5, 1, 13, 2], "texture": "#1"},
				"up": {"uv": [6.5, 14, 6, 13.5], "texture": "#1"},
				"down": {"uv": [14, 6, 13.5, 6.5], "texture": "#1"}
			}
		},
		{
			"from": [13, 4, 3],
			"to": [14, 5, 4],
			"faces": {
				"north": {"uv": [6.5, 13.5, 7, 14], "texture": "#1"},
				"east": {"uv": [13.5, 6.5, 14, 7], "texture": "#1"},
				"south": {"uv": [7, 13.5, 7.5, 14], "texture": "#1"},
				"west": {"uv": [13.5, 7, 14, 7.5], "texture": "#1"},
				"up": {"uv": [8, 14, 7.5, 13.5], "texture": "#1"},
				"down": {"uv": [14, 7.5, 13.5, 8], "texture": "#1"}
			}
		},
		{
			"from": [1, 14, 3],
			"to": [2, 15, 4],
			"faces": {
				"north": {"uv": [8, 13.5, 8.5, 14], "texture": "#1"},
				"east": {"uv": [13.5, 8, 14, 8.5], "texture": "#1"},
				"south": {"uv": [8.5, 13.5, 9, 14], "texture": "#1"},
				"west": {"uv": [13.5, 8.5, 14, 9], "texture": "#1"},
				"up": {"uv": [9.5, 14, 9, 13.5], "texture": "#1"},
				"down": {"uv": [14, 9, 13.5, 9.5], "texture": "#1"}
			}
		},
		{
			"from": [0, 13, 3],
			"to": [1, 15, 4],
			"faces": {
				"north": {"uv": [12.5, 2, 13, 3], "texture": "#1"},
				"east": {"uv": [2.5, 12.5, 3, 13.5], "texture": "#1"},
				"south": {"uv": [3, 12.5, 3.5, 13.5], "texture": "#1"},
				"west": {"uv": [12.5, 3, 13, 4], "texture": "#1"},
				"up": {"uv": [10, 14, 9.5, 13.5], "texture": "#1"},
				"down": {"uv": [14, 9.5, 13.5, 10], "texture": "#1"}
			}
		},
		{
			"from": [2, 13, 3],
			"to": [3, 14, 4],
			"faces": {
				"north": {"uv": [10, 13.5, 10.5, 14], "texture": "#1"},
				"east": {"uv": [13.5, 10, 14, 10.5], "texture": "#1"},
				"south": {"uv": [10.5, 13.5, 11, 14], "texture": "#1"},
				"west": {"uv": [13.5, 10.5, 14, 11], "texture": "#1"},
				"up": {"uv": [11.5, 14, 11, 13.5], "texture": "#1"},
				"down": {"uv": [14, 11, 13.5, 11.5], "texture": "#1"}
			}
		},
		{
			"from": [1, 11.5, 3],
			"to": [2, 14, 4],
			"faces": {
				"north": {"uv": [6.5, 11.5, 7, 12.75], "texture": "#1"},
				"east": {"uv": [7, 11.5, 7.5, 12.75], "texture": "#1"},
				"south": {"uv": [7.5, 11.5, 8, 12.75], "texture": "#1"},
				"west": {"uv": [11.5, 9.5, 12, 10.75], "texture": "#1"},
				"up": {"uv": [12, 14, 11.5, 13.5], "texture": "#1"},
				"down": {"uv": [14, 11.5, 13.5, 12], "texture": "#1"}
			}
		},
		{
			"from": [1, 4, 3],
			"to": [2, 6.5, 4],
			"faces": {
				"north": {"uv": [11.5, 11, 12, 12.25], "texture": "#1"},
				"east": {"uv": [12, 0, 12.5, 1.25], "texture": "#1"},
				"south": {"uv": [12, 1.5, 12.5, 2.75], "texture": "#1"},
				"west": {"uv": [9, 12, 9.5, 13.25], "texture": "#1"},
				"up": {"uv": [12.5, 14, 12, 13.5], "texture": "#1"},
				"down": {"uv": [14, 12, 13.5, 12.5], "texture": "#1"}
			}
		},
		{
			"from": [2, 4, 3],
			"to": [3, 5, 4],
			"faces": {
				"north": {"uv": [12.5, 13.5, 13, 14], "texture": "#1"},
				"east": {"uv": [13.5, 12.5, 14, 13], "texture": "#1"},
				"south": {"uv": [13, 13.5, 13.5, 14], "texture": "#1"},
				"west": {"uv": [13.5, 13, 14, 13.5], "texture": "#1"},
				"up": {"uv": [14, 14, 13.5, 13.5], "texture": "#1"},
				"down": {"uv": [14.5, 0, 14, 0.5], "texture": "#1"}
			}
		},
		{
			"from": [1, 3, 3],
			"to": [2.1, 4, 4],
			"faces": {
				"north": {"uv": [14, 0.5, 14.5, 1], "texture": "#1"},
				"east": {"uv": [14, 1, 14.5, 1.5], "texture": "#1"},
				"south": {"uv": [14, 1.5, 14.5, 2], "texture": "#1"},
				"west": {"uv": [14, 2, 14.5, 2.5], "texture": "#1"},
				"up": {"uv": [3, 14.5, 2.5, 14], "texture": "#1"},
				"down": {"uv": [14.5, 2.5, 14, 3], "texture": "#1"}
			}
		},
		{
			"from": [0, 3, 3],
			"to": [1, 5, 4],
			"faces": {
				"north": {"uv": [3.5, 12.5, 4, 13.5], "texture": "#1"},
				"east": {"uv": [12.5, 4, 13, 5], "texture": "#1"},
				"south": {"uv": [12.5, 5, 13, 6], "texture": "#1"},
				"west": {"uv": [12.5, 6, 13, 7], "texture": "#1"},
				"up": {"uv": [3.5, 14.5, 3, 14], "texture": "#1"},
				"down": {"uv": [14.5, 3, 14, 3.5], "texture": "#1"}
			}
		},
		{
			"from": [9.7, 17, 3],
			"to": [10.8, 18, 4],
			"faces": {
				"north": {"uv": [3.5, 14, 4, 14.5], "texture": "#1"},
				"east": {"uv": [14, 3.5, 14.5, 4], "texture": "#1"},
				"south": {"uv": [4, 14, 4.5, 14.5], "texture": "#1"},
				"west": {"uv": [14, 4, 14.5, 4.5], "texture": "#1"},
				"up": {"uv": [5, 14.5, 4.5, 14], "texture": "#1"},
				"down": {"uv": [14.5, 4.5, 14, 5], "texture": "#1"}
			}
		},
		{
			"from": [9.1, 16, 3],
			"to": [11.3, 17, 4],
			"faces": {
				"north": {"uv": [12, 7, 13, 7.5], "texture": "#1"},
				"east": {"uv": [5, 14, 5.5, 14.5], "texture": "#1"},
				"south": {"uv": [12.5, 7.5, 13.5, 8], "texture": "#1"},
				"west": {"uv": [14, 5, 14.5, 5.5], "texture": "#1"},
				"up": {"uv": [9, 13, 8, 12.5], "texture": "#1"},
				"down": {"uv": [13.5, 8, 12.5, 8.5], "texture": "#1"}
			}
		},
		{
			"from": [8.7, 15, 3],
			"to": [11.7, 16, 4],
			"faces": {
				"north": {"uv": [2.5, 10.5, 4, 11], "texture": "#1"},
				"east": {"uv": [5.5, 14, 6, 14.5], "texture": "#1"},
				"south": {"uv": [6, 10.5, 7.5, 11], "texture": "#1"},
				"west": {"uv": [14, 5.5, 14.5, 6], "texture": "#1"},
				"up": {"uv": [12, 7.5, 10.5, 7], "texture": "#1"},
				"down": {"uv": [9, 10.5, 7.5, 11], "texture": "#1"}
			}
		},
		{
			"from": [-1.1, 8.4, 3],
			"to": [0, 9.4, 4],
			"faces": {
				"north": {"uv": [6, 14, 6.5, 14.5], "texture": "#1"},
				"east": {"uv": [14, 6, 14.5, 6.5], "texture": "#1"},
				"south": {"uv": [6.5, 14, 7, 14.5], "texture": "#1"},
				"west": {"uv": [14, 6.5, 14.5, 7], "texture": "#1"},
				"up": {"uv": [7.5, 14.5, 7, 14], "texture": "#1"},
				"down": {"uv": [14.5, 7, 14, 7.5], "texture": "#1"}
			}
		},
		{
			"from": [0, 7.7, 3],
			"to": [1, 9.9, 4],
			"faces": {
				"north": {"uv": [12.5, 8.5, 13, 9.5], "texture": "#1"},
				"east": {"uv": [12.5, 9.5, 13, 10.5], "texture": "#1"},
				"south": {"uv": [10, 12.5, 10.5, 13.5], "texture": "#1"},
				"west": {"uv": [12.5, 10.5, 13, 11.5], "texture": "#1"},
				"up": {"uv": [8, 14.5, 7.5, 14], "texture": "#1"},
				"down": {"uv": [14.5, 7.5, 14, 8], "texture": "#1"}
			}
		},
		{
			"from": [1, 7.3, 3],
			"to": [2, 10.3, 4],
			"faces": {
				"north": {"uv": [10.5, 7.5, 11, 9], "texture": "#1"},
				"east": {"uv": [9, 10.5, 9.5, 12], "texture": "#1"},
				"south": {"uv": [10.5, 9, 11, 10.5], "texture": "#1"},
				"west": {"uv": [9.5, 10.5, 10, 12], "texture": "#1"},
				"up": {"uv": [8.5, 14.5, 8, 14], "texture": "#1"},
				"down": {"uv": [14.5, 8, 14, 8.5], "texture": "#1"}
			}
		},
		{
			"from": [14, 7.3, 3],
			"to": [15, 10.3, 4],
			"faces": {
				"north": {"uv": [10.5, 10.5, 11, 12], "texture": "#1"},
				"east": {"uv": [2.5, 11, 3, 12.5], "texture": "#1"},
				"south": {"uv": [3, 11, 3.5, 12.5], "texture": "#1"},
				"west": {"uv": [3.5, 11, 4, 12.5], "texture": "#1"},
				"up": {"uv": [9, 14.5, 8.5, 14], "texture": "#1"},
				"down": {"uv": [14.5, 8.5, 14, 9], "texture": "#1"}
			}
		},
		{
			"from": [15, 7.7, 3],
			"to": [16, 9.9, 4],
			"faces": {
				"north": {"uv": [11, 12.5, 11.5, 13.5], "texture": "#1"},
				"east": {"uv": [11.5, 12.5, 12, 13.5], "texture": "#1"},
				"south": {"uv": [12.5, 11.5, 13, 12.5], "texture": "#1"},
				"west": {"uv": [12, 12.5, 12.5, 13.5], "texture": "#1"},
				"up": {"uv": [9.5, 14.5, 9, 14], "texture": "#1"},
				"down": {"uv": [14.5, 9, 14, 9.5], "texture": "#1"}
			}
		},
		{
			"from": [16, 8.4, 3],
			"to": [17.1, 9.4, 4],
			"faces": {
				"north": {"uv": [9.5, 14, 10, 14.5], "texture": "#1"},
				"east": {"uv": [14, 9.5, 14.5, 10], "texture": "#1"},
				"south": {"uv": [10, 14, 10.5, 14.5], "texture": "#1"},
				"west": {"uv": [14, 10, 14.5, 10.5], "texture": "#1"},
				"up": {"uv": [11, 14.5, 10.5, 14], "texture": "#1"},
				"down": {"uv": [14.5, 10.5, 14, 11], "texture": "#1"}
			}
		},
		{
			"from": [4.2, 15, 3],
			"to": [7.2, 16, 4],
			"faces": {
				"north": {"uv": [11, 4, 12.5, 4.5], "texture": "#1"},
				"east": {"uv": [11, 14, 11.5, 14.5], "texture": "#1"},
				"south": {"uv": [11, 4.5, 12.5, 5], "texture": "#1"},
				"west": {"uv": [14, 11, 14.5, 11.5], "texture": "#1"},
				"up": {"uv": [6.5, 11.5, 5, 11], "texture": "#1"},
				"down": {"uv": [12.5, 5, 11, 5.5], "texture": "#1"}
			}
		},
		{
			"from": [4.6, 16, 3],
			"to": [6.8, 17, 4],
			"faces": {
				"north": {"uv": [12.5, 12.5, 13.5, 13], "texture": "#1"},
				"east": {"uv": [11.5, 14, 12, 14.5], "texture": "#1"},
				"south": {"uv": [13, 0, 14, 0.5], "texture": "#1"},
				"west": {"uv": [14, 11.5, 14.5, 12], "texture": "#1"},
				"up": {"uv": [14, 1, 13, 0.5], "texture": "#1"},
				"down": {"uv": [14, 1, 13, 1.5], "texture": "#1"}
			}
		},
		{
			"from": [5.1, 17, 3],
			"to": [6.1, 18.1, 4],
			"faces": {
				"north": {"uv": [12, 14, 12.5, 14.5], "texture": "#1"},
				"east": {"uv": [14, 12, 14.5, 12.5], "texture": "#1"},
				"south": {"uv": [12.5, 14, 13, 14.5], "texture": "#1"},
				"west": {"uv": [14, 12.5, 14.5, 13], "texture": "#1"},
				"up": {"uv": [13.5, 14.5, 13, 14], "texture": "#1"},
				"down": {"uv": [14.5, 13, 14, 13.5], "texture": "#1"}
			}
		},
		{
			"from": [4.5, 2, 3],
			"to": [7.5, 3, 4],
			"faces": {
				"north": {"uv": [11, 5.5, 12.5, 6], "texture": "#1"},
				"east": {"uv": [13.5, 14, 14, 14.5], "texture": "#1"},
				"south": {"uv": [11, 6, 12.5, 6.5], "texture": "#1"},
				"west": {"uv": [14, 13.5, 14.5, 14], "texture": "#1"},
				"up": {"uv": [8, 11.5, 6.5, 11], "texture": "#1"},
				"down": {"uv": [12.5, 6.5, 11, 7], "texture": "#1"}
			}
		},
		{
			"from": [4.9, 1, 3],
			"to": [7.1, 2, 4],
			"faces": {
				"north": {"uv": [13, 1.5, 14, 2], "texture": "#1"},
				"east": {"uv": [14, 14, 14.5, 14.5], "texture": "#1"},
				"south": {"uv": [13, 2, 14, 2.5], "texture": "#1"},
				"west": {"uv": [0, 14.5, 0.5, 15], "texture": "#1"},
				"up": {"uv": [14, 3, 13, 2.5], "texture": "#1"},
				"down": {"uv": [14, 3, 13, 3.5], "texture": "#1"}
			}
		},
		{
			"from": [5.4, -0.1, 3],
			"to": [6.4, 1, 4],
			"faces": {
				"north": {"uv": [14.5, 0, 15, 0.5], "texture": "#1"},
				"east": {"uv": [0.5, 14.5, 1, 15], "texture": "#1"},
				"south": {"uv": [14.5, 0.5, 15, 1], "texture": "#1"},
				"west": {"uv": [1, 14.5, 1.5, 15], "texture": "#1"},
				"up": {"uv": [15, 1.5, 14.5, 1], "texture": "#1"},
				"down": {"uv": [2, 14.5, 1.5, 15], "texture": "#1"}
			}
		},
		{
			"from": [8.5, 2, 3],
			"to": [11.5, 3, 4],
			"faces": {
				"north": {"uv": [11, 7.5, 12.5, 8], "texture": "#1"},
				"east": {"uv": [14.5, 1.5, 15, 2], "texture": "#1"},
				"south": {"uv": [11, 8, 12.5, 8.5], "texture": "#1"},
				"west": {"uv": [2, 14.5, 2.5, 15], "texture": "#1"},
				"up": {"uv": [12.5, 9, 11, 8.5], "texture": "#1"},
				"down": {"uv": [12.5, 9, 11, 9.5], "texture": "#1"}
			}
		},
		{
			"from": [8.9, 1, 3],
			"to": [11.1, 2, 4],
			"faces": {
				"north": {"uv": [13, 3.5, 14, 4], "texture": "#1"},
				"east": {"uv": [14.5, 2, 15, 2.5], "texture": "#1"},
				"south": {"uv": [13, 4, 14, 4.5], "texture": "#1"},
				"west": {"uv": [2.5, 14.5, 3, 15], "texture": "#1"},
				"up": {"uv": [14, 5, 13, 4.5], "texture": "#1"},
				"down": {"uv": [6, 13, 5, 13.5], "texture": "#1"}
			}
		},
		{
			"from": [9.4, -0.1, 3],
			"to": [10.4, 1, 4],
			"faces": {
				"north": {"uv": [14.5, 2.5, 15, 3], "texture": "#1"},
				"east": {"uv": [3, 14.5, 3.5, 15], "texture": "#1"},
				"south": {"uv": [14.5, 3, 15, 3.5], "texture": "#1"},
				"west": {"uv": [3.5, 14.5, 4, 15], "texture": "#1"},
				"up": {"uv": [15, 4, 14.5, 3.5], "texture": "#1"},
				"down": {"uv": [4.5, 14.5, 4, 15], "texture": "#1"}
			}
		},
		{
			"from": [13, 5, 3],
			"to": [14, 13, 4],
			"faces": {
				"north": {"uv": [0.5, 10.5, 1, 14.5], "texture": "#1"},
				"east": {"uv": [1, 10.5, 1.5, 14.5], "texture": "#1"},
				"south": {"uv": [1.5, 10.5, 2, 14.5], "texture": "#1"},
				"west": {"uv": [2, 10.5, 2.5, 14.5], "texture": "#1"},
				"up": {"uv": [15, 4.5, 14.5, 4], "texture": "#1"},
				"down": {"uv": [5, 14.5, 4.5, 15], "texture": "#1"}
			}
		}
	],
	"display": {
		"head": {
			"translation": [0, -0.25, -2.5],
			"scale": [1.125, 1.125, 1]
		}
	},
	"groups": [
		{
			"name": "group",
			"origin": [0, 0, 0],
			"color": 0,
			"nbt": "{}",
			"children": [
				0,
				1,
				2,
				3,
				4,
				5,
				6,
				{
					"name": "group",
					"origin": [0, 0, 0],
					"color": 0,
					"nbt": "{}",
					"children": [7, 8, 9, 10, 11, 12, 13, 14, 15, 16, 17, 18, 19, 20, 21, 22, 23, 24, 25, 26, 27, 28, 29, 30, 31, 32, 33, 34, 35, 36, 37, 38, 39, 40]
				},
				41
			]
		}
	]
}