{
	"credit": "Made with Blockbench",
	"texture_size": [32, 32],
	"textures": {
		"0": "./feather_goggles",
		"particle": "./feather_goggles"
	},
	"elements": [
		{
			"from": [8.05, 0, 9.2],
			"to": [16.05, 8, 9.2],
			"rotation": {"angle": -22.5, "axis": "y", "origin": [0, 0, 0]},
			"faces": {
				"north": {"uv": [4, 0, 8, 4], "texture": "#0"},
				"east": {"uv": [0, 0, 0, 4], "texture": "#0"},
				"south": {"uv": [4, 4, 8, 8], "texture": "#0"},
				"west": {"uv": [0, 0, 0, 4], "texture": "#0"},
				"up": {"uv": [4, 0, 0, 0], "texture": "#0"},
				"down": {"uv": [4, 0, 0, 0], "texture": "#0"}
			}
		},
		{
			"from": [1.8, 0, 5.8],
			"to": [9.8, 8, 5.8],
			"rotation": {"angle": 22.5, "axis": "y", "origin": [0, 0, 0]},
			"faces": {
				"north": {"uv": [0, 0, 4, 4], "texture": "#0"},
				"east": {"uv": [0, 0, 0, 4], "texture": "#0"},
				"south": {"uv": [0, 4, 4, 8], "texture": "#0"},
				"west": {"uv": [0, 0, 0, 4], "texture": "#0"},
				"up": {"uv": [4, 0, 0, 0], "texture": "#0"},
				"down": {"uv": [4, 0, 0, 0], "texture": "#0"}
			}
		},
		{
			"from": [1, 4, 8.7],
			"to": [2, 7, 11.7],
			"faces": {
				"north": {"uv": [8.5, 8, 9, 9.5], "texture": "#0"},
				"east": {"uv": [1.5, 8, 3, 9.5], "texture": "#0"},
				"south": {"uv": [3, 9, 3.5, 10.5], "texture": "#0"},
				"west": {"uv": [8, 1.5, 9.5, 3], "texture": "#0"},
				"up": {"uv": [4, 10.5, 3.5, 9], "texture": "#0"},
				"down": {"uv": [4.5, 9, 4, 10.5], "texture": "#0"}
			}
		},
		{
			"from": [1, 4, 4.6],
			"to": [2, 7, 7.6],
			"faces": {
				"north": {"uv": [7.5, 8, 8, 9.5], "texture": "#0"},
				"east": {"uv": [0, 8, 1.5, 9.5], "texture": "#0"},
				"south": {"uv": [6, 8.5, 6.5, 10], "texture": "#0"},
				"west": {"uv": [8, 0, 9.5, 1.5], "texture": "#0"},
				"up": {"uv": [7, 10, 6.5, 8.5], "texture": "#0"},
				"down": {"uv": [9, 6.5, 8.5, 8], "texture": "#0"}
			}
		},
		{
			"from": [1.3, 5.1, 7.6],
			"to": [1.7, 6.2, 8.7],
			"faces": {
				"north": {"uv": [10, 0.5, 10.25, 1], "texture": "#0"},
				"east": {"uv": [9.5, 0, 10, 0.5], "texture": "#0"},
				"south": {"uv": [1, 10, 1.25, 10.5], "texture": "#0"},
				"west": {"uv": [9.5, 0.5, 10, 1], "texture": "#0"},
				"up": {"uv": [10.25, 1.5, 10, 1], "texture": "#0"},
				"down": {"uv": [1.75, 10, 1.5, 10.5], "texture": "#0"}
			}
		},
		{
			"from": [1.5, 5.1, 11.7],
			"to": [1.6, 6.2, 11.9],
			"faces": {
				"north": {"uv": [9.5, 9.5, 9.75, 10], "texture": "#0"},
				"east": {"uv": [0, 10, 0.25, 10.5], "texture": "#0"},
				"south": {"uv": [10, 0, 10.25, 0.5], "texture": "#0"},
				"west": {"uv": [0.5, 10, 0.75, 10.5], "texture": "#0"},
				"up": {"uv": [10.25, 2.25, 10, 2], "texture": "#0"},
				"down": {"uv": [2.75, 10, 2.5, 10.25], "texture": "#0"}
			}
		},
		{
			"from": [1.5, 5.1, 4.4],
			"to": [1.6, 6.2, 4.6],
			"faces": {
				"north": {"uv": [7.5, 9.5, 7.75, 10], "texture": "#0"},
				"east": {"uv": [8, 9.5, 8.25, 10], "texture": "#0"},
				"south": {"uv": [8.5, 9.5, 8.75, 10], "texture": "#0"},
				"west": {"uv": [9, 9.5, 9.25, 10], "texture": "#0"},
				"up": {"uv": [10.25, 1.75, 10, 1.5], "texture": "#0"},
				"down": {"uv": [2.25, 10, 2, 10.25], "texture": "#0"}
			}
		},
		{
			"from": [1.5, 5.1, 11.9],
			"to": [4.7, 6.2, 12],
			"faces": {
				"north": {"uv": [8.5, 5.5, 10, 6], "texture": "#0"},
				"east": {"uv": [5, 9.5, 5.25, 10], "texture": "#0"},
				"south": {"uv": [8.5, 6, 10, 6.5], "texture": "#0"},
				"west": {"uv": [5.5, 9.5, 5.75, 10], "texture": "#0"},
				"up": {"uv": [10.5, 9.25, 9, 9], "texture": "#0"},
				"down": {"uv": [1.5, 9.5, 0, 9.75], "texture": "#0"}
			}
		},
		{
			"from": [1.5, 5.1, 4.3],
			"to": [4.7, 6.2, 4.4],
			"faces": {
				"north": {"uv": [3, 8.5, 4.5, 9], "texture": "#0"},
				"east": {"uv": [9.5, 2.5, 9.75, 3], "texture": "#0"},
				"south": {"uv": [4.5, 8.5, 6, 9], "texture": "#0"},
				"west": {"uv": [4.5, 9.5, 4.75, 10], "texture": "#0"},
				"up": {"uv": [6, 9.25, 4.5, 9], "texture": "#0"},
				"down": {"uv": [10.5, 8.5, 9, 8.75], "texture": "#0"}
			}
		},
		{
			"from": [4.5, 4.1, 11.9],
			"to": [9.6, 5.2, 12],
			"faces": {
				"north": {"uv": [8, 4.5, 10.5, 5], "texture": "#0"},
				"east": {"uv": [9.5, 2, 9.75, 2.5], "texture": "#0"},
				"south": {"uv": [8, 5, 10.5, 5.5], "texture": "#0"},
				"west": {"uv": [2.5, 9.5, 2.75, 10], "texture": "#0"},
				"up": {"uv": [11.5, 7.75, 9, 7.5], "texture": "#0"},
				"down": {"uv": [11.5, 8, 9, 8.25], "texture": "#0"}
			}
		},
		{
			"from": [4.5, 4.1, 4.3],
			"to": [9.6, 5.2, 4.4],
			"faces": {
				"north": {"uv": [8, 3.5, 10.5, 4], "texture": "#0"},
				"east": {"uv": [9.5, 1.5, 9.75, 2], "texture": "#0"},
				"south": {"uv": [8, 4, 10.5, 4.5], "texture": "#0"},
				"west": {"uv": [2, 9.5, 2.25, 10], "texture": "#0"},
				"up": {"uv": [11.5, 6.75, 9, 6.5], "texture": "#0"},
				"down": {"uv": [11.5, 7, 9, 7.25], "texture": "#0"}
			}
		},
		{
			"from": [9.6, 4.1, 4.3],
			"to": [9.7, 5.2, 12],
			"faces": {
				"north": {"uv": [9.5, 1, 9.75, 1.5], "texture": "#0"},
				"east": {"uv": [3, 8, 6.75, 8.5], "texture": "#0"},
				"south": {"uv": [1.5, 9.5, 1.75, 10], "texture": "#0"},
				"west": {"uv": [8, 3, 11.75, 3.5], "texture": "#0"},
				"up": {"uv": [8.25, 9.25, 8, 5.5], "texture": "#0"},
				"down": {"uv": [7.25, 8, 7, 11.75], "texture": "#0"}
			}
		}
	],
	"display": {
		"head": {
			"rotation": [0, -90, 0],
			"translation": [0.25, 9, 4],
			"scale": [1.75, 1.75, 1.75]
		}
	},
	"groups": [
		{
			"name": "feathers",
			"origin": [0, 0, 0],
			"color": 0,
			"children": [0, 1]
		},
		{
			"name": "goggles",
			"origin": [0, 0, 0],
			"color": 0,
			"children": [
				2,
				3,
				4,
				{
					"name": "strap",
					"origin": [0, 0, 0],
					"color": 0,
					"children": [5, 6, 7, 8, 9, 10, 11]
				}
			]
		}
	]
}